Overall,Bib,Name,Time
1,1,Scott Wietecha,2:28:16
2,3,Garang Madut,2:29:52
3,33442,Kevin Fink,2:38:59
4,33441,Andrew Hodges,2:43:59
5,30028,Nicholas Aubert,2:48:11
6,30038,Dan Shafer,2:49:00
7,30099,Jacob Rainey,2:51:46
8,33712,Ry Glover,2:53:17
9,11,Stella Christoforou,2:53:44
10,30052,Tyler Hallenbeck,2:56:21
11,30057,Jansen Hein,2:56:23
12,33448,Christopher Harrington,2:56:48
13,30050,James Nabholz,2:57:03
14,30039,Jared Daedler,2:57:36
15,30096,Nicholas Tseffos,2:59:35
16,30107,Thomas Aliff,2:59:41
17,30040,Jeremy Riehm,3:01:41
18,30058,Greg Jones,3:02:12
19,30135,Jack Burger,3:02:17
20,30048,Edgar Garza,3:05:40
21,10,Heather Crowe,3:07:46
22,33452,Cristina Noble,3:08:21
23,30153,Dan Williams,3:09:33
24,30117,Eddie Bell,3:09:39
25,30395,Emanuel Loreant,3:10:23
26,30095,Jeffrey Olive,3:10:28
27,30211,Jacqueline Gottuso,3:10:50
28,30249,Eric Shrestha,3:11:27
29,30059,Brandon Foley,3:12:17
30,30131,Matt Hunt,3:12:34
31,30281,Thomas Cirillo,3:12:37
32,30132,Shawn Husband,3:14:03
33,30129,Mudhillun Muqaribu,3:15:11
34,33449,Scott Eiselt,3:15:22
35,30069,Kevin Laury,3:15:33
36,33460,Mahlon Hellman,3:16:17
37,30399,Patrick Sweatt,3:16:32
38,30221,Michelle Fogle,3:17:44
39,30182,Tatsuki Koyama,3:18:24
40,33485,David Jones,3:18:26
40,30051,Aaron O'Keeffe,3:18:26
42,30227,Dalton Stubbs,3:18:31
43,30084,Andrew Morris,3:19:04
44,33472,Nick Pitts,3:19:05
45,30239,Michael Ibanez,3:19:15
46,30253,Katelyn Storey,3:19:26
47,33451,Kevin Walker,3:19:28
48,30064,Ubaldo Hurtado,3:19:58
49,30126,Vic Ciancetta,3:20:07
50,30164,Jay Mitchell,3:20:17
51,30329,Donald Paull,3:21:06
52,30183,Andrew Thai,3:21:15
53,30870,Tim Roetman,3:21:25
54,30103,Ayub Odera,3:21:35
55,30165,Ryan Folkert,3:21:53
56,30120,Sean Cooper,3:21:58
57,30123,Javier Rusinque,3:22:02
58,30063,Todd Reynolds,3:22:04
59,30187,Robert Harris,3:22:23
60,30217,John Willis,3:22:27
61,30497,Armando Galvez Rico,3:22:30
62,30179,Daniel Salmon,3:22:43
63,30391,Kevin Harris,3:22:48
64,30175,Vincent Manier,3:23:18
65,30198,Alan Arpon,3:23:19
66,30252,Diego Ruiz,3:23:22
67,30667,Jeff Woody,3:23:27
68,30176,Matt Pesavento,3:23:44
69,33474,Gilbert Varela,3:23:46
70,30152,Sam Miller,3:24:21
71,30367,Andy Kump,3:24:33
72,30580,Aly Schenavar,3:25:26
73,31026,Sonny Tufano,3:25:43
74,30140,Brian Wright,3:26:10
75,30385,James Lowe,3:26:15
76,33468,Samuel Smith,3:26:24
77,30236,Jonathan Lister,3:26:47
78,30208,Susie Aames,3:27:13
79,30528,Chris Norris,3:27:30
80,30201,Will Westhoff,3:27:42
81,30409,Matthew Pires,3:27:48
82,30092,Brad Whitley,3:27:55
83,30251,Beau Baggett,3:28:27
84,30821,Steven Vargas,3:28:36
85,33651,Jeremy Lister,3:28:40
86,30316,Devin Ray,3:28:52
86,30608,Benjamin French,3:28:52
88,30439,Lydia Calahan,3:28:58
89,30326,Katherine Ainsworth,3:29:00
90,30378,Josh Leitner,3:29:07
91,30412,Leonardo Sánchez,3:29:20
92,33476,Charles Sisk,3:29:49
93,30303,Tess Vorselen,3:29:58
94,30495,Craig Findlay,3:30:05
95,31053,Jillian Roberts,3:30:30
96,30181,Charles Shackelford,3:30:31
97,30216,Maura Stacey,3:30:36
98,30557,Carmen Camp,3:30:40
99,31022,Blake Phillips,3:30:43
100,33495,Grant Stubblefield,3:30:53
101,30512,Jennifer Murray,3:30:54
102,30163,Peter Shreffler,3:31:04
103,30707,Ellen Williamson,3:31:05
103,31240,Adam Klenk,3:31:05
105,31444,Kyle Young,3:31:28
106,30394,Jason Toot,3:31:50
107,30145,Eric Parker,3:32:07
108,32051,Alexandra Vincenti,3:32:09
109,30375,Dan Duffy,3:32:10
110,30434,Emma Locke,3:32:13
111,30203,Joe Wiltsey,3:32:26
112,30392,Patrick Madl,3:32:34
113,30254,Rachel Polk,3:32:37
114,30451,Carl Ostrowski,3:32:46
115,30411,Vicente Rodriguez,3:32:47
116,30623,Kayla Whitley,3:33:22
117,30406,Katie Schubauer,3:33:45
117,33715,Alia Karaman,3:33:45
119,30090,Brian Germano,3:33:50
120,30098,Edwin Reyes,3:33:52
121,33473,Mark Clyburn,3:33:58
122,33487,Brian Steel,3:34:37
123,30060,Tien Le,3:34:43
124,30356,Drew Belnick,3:34:55
125,30056,Kevin Mckenna,3:35:09
126,30174,Nicholas Avello,3:35:12
127,30247,Olivia Dibiasio,3:35:14
128,30502,Kristen Bednar,3:35:45
129,30157,Matthew Mehalko,3:35:49
130,30638,Garrett Bauman,3:35:52
131,30323,Brian Hoffart,3:35:55
132,30314,Trever Griswold,3:36:01
133,30704,Nicole Gillis,3:36:03
134,30207,Meredith Smith,3:36:09
135,30506,Wesley King,3:36:11
135,30381,Scott Wloszczynski,3:36:11
137,30590,Daniel Pluard,3:36:13
138,30210,Molly Cohen,3:36:16
138,30190,Ryan Kelch,3:36:16
140,30309,Beau Westpfahl,3:36:21
141,30222,Brad Barcusky,3:36:22
142,30484,Amanda Sonnenberg,3:36:28
143,30515,Bob Cline,3:36:29
144,30450,Danica Kusanovic,3:36:35
145,30603,Matt Rubino,3:36:53
146,30088,Vance Benson,3:36:54
147,30134,Alexander Mclain,3:36:58
148,30427,Virgilio Larralde,3:37:06
148,30071,Kyle Miller,3:37:06
150,30458,Julie Boll,3:37:09
151,30160,Bonnie Ritchotte,3:37:25
152,30141,Dwayne Novak,3:37:34
153,33517,Kurtis Kowalski,3:38:04
154,30186,Paul Carlson,3:38:16
155,33486,Benjamin Mccullough,3:38:46
156,30680,Erik Stephan,3:39:03
157,30750,Nathaniel Szidik,3:39:04
158,30336,William Moore,3:39:19
159,30233,Daryl Davis,3:39:33
160,30294,Lori Knights,3:39:44
161,30100,Dan Moffit,3:39:45
162,33514,Sean Meier,3:39:48
163,30301,Hunter Clarke,3:39:49
164,30605,Jacob Crowell,3:39:55
165,30758,Elliot Heath,3:40:13
166,30293,William Bradshaw,3:40:16
167,31065,Adele Unneberg,3:40:34
168,30498,Gabrielle Giessen,3:40:42
169,30662,Eric Ellwood,3:40:57
170,30468,Joan Dinsmore,3:40:58
171,30319,Ryan Velau,3:41:08
172,30433,Darrell Black,3:41:14
173,30658,Amy Hartlieb,3:41:19
174,30579,Scott Smith,3:41:24
175,30681,Stuart Mcdonald,3:41:30
176,30154,Joshua Knickerbocker,3:41:31
177,30080,Kyle Milden,3:41:37
178,30661,Jamie Cotter,3:41:44
179,30445,Jessica Scott,3:41:55
179,30522,Samantha Harrison,3:41:55
181,30362,Ryan Goldfine,3:42:17
181,33454,Alex Judd,3:42:17
183,33644,Christina Rivera,3:42:29
184,30317,Ben Mclusky,3:42:34
185,30471,Kathleen Bond,3:42:46
186,32122,Jeff Watson,3:42:53
187,30987,Brandon Bernhardt,3:42:57
188,30425,Emily Stewart,3:42:58
189,30223,Katie Van Arendonk,3:43:01
190,33489,Vance Poss,3:43:02
191,31001,John Denoma,3:43:09
192,31199,James Booth,3:43:33
193,30087,Paul Hanly,3:43:35
194,33458,Patrick Hogeboom,3:43:36
195,30578,Erin Glazier,3:43:48
196,30379,Grant Nicholson,3:43:51
197,33464,David Harvey,3:43:53
198,30449,Eduardo Pi,3:43:59
199,31388,Pablo Marchant,3:44:19
200,33471,Ron Chapman,3:44:26
201,30133,Colton Staab,3:44:31
202,30475,Jason Pettit,3:44:35
203,30300,Maria Jugan,3:44:41
204,33656,Matt Hawkins,3:44:53
205,31008,Steven Jones,3:44:55
206,30350,Marlon Quitos,3:44:57
207,30127,Kenneth Roberts,3:45:03
208,30699,Michael Hunt,3:45:04
209,30105,Nick Eccher,3:45:12
210,30641,Mark Davenport,3:45:16
211,30185,Lorena Jaime,3:45:18
212,30668,Pat Simmons,3:45:24
213,30460,Kevin Gerteisen,3:45:27
214,30390,Michael Obermayer,3:45:28
215,33550,Bennett Diaz,3:45:54
216,30305,Melissa Kuzma,3:46:01
217,30755,Morganne Cook,3:46:07
218,31235,Severine Mutti,3:46:13
218,30150,Andy Casto-Waters,3:46:13
220,31871,Holly Barrett,3:46:22
221,30168,Jesse Fenton,3:46:24
222,30053,Ian Gilchrist,3:46:43
223,30333,Andy Ross,3:46:47
224,30776,Stephen Bohn,3:46:49
225,30354,Claire Wilson,3:46:58
226,31181,Jacob Zalewski,3:47:07
227,30679,Julie Thibodeau,3:47:09
228,33475,Matthew Moshyedi,3:47:13
229,30440,Sebastian Schneider,3:47:29
230,30443,David Sanchez,3:47:35
231,31223,Joshua Gurka,3:47:38
232,31356,Ariel Phillips,3:47:49
233,30787,Brian Thomas,3:48:04
234,30615,Richard Hall,3:48:53
235,30622,Chappel Mccollister,3:48:54
236,30708,Nikki Roetman,3:49:01
237,30196,Jinhong Liu,3:49:09
238,31304,Olivia Overley,3:49:11
239,30657,Elynn Kann,3:49:19
240,30593,Grace Ouellette,3:49:21
241,30487,Scott Settle,3:49:35
242,30212,Anthony Gibson,3:50:07
243,30646,Meade Fogel,3:50:18
244,31310,Matthew Armstrong,3:50:28
245,32250,Justin Manry,3:50:31
246,33483,Todd Allen,3:50:34
247,30734,Muna Rodriguez,3:50:45
248,30794,Luke Tuttle,3:50:50
249,30363,Drew Prentice,3:50:51
250,30435,Clint Brosmer,3:50:58
251,30240,Tori Domico,3:51:06
252,33540,Karl Bailey,3:51:09
253,30428,Maeve Whelan-Wuest,3:51:23
254,30975,Mingfeng Bai,3:51:27
255,30503,Isabelle Mcleod,3:51:32
256,30629,Melissa Boothe,3:51:39
257,30202,Forrest Orme,3:51:48
258,33457,Robert Reagan,3:51:49
259,31191,Emily Tseffos,3:51:50
260,30709,Jim Sanders,3:52:01
261,30418,Evan Fortune,3:52:07
262,30237,Eric Johnson,3:52:21
263,30650,Scott Trousdale,3:52:35
264,33496,Christa John,3:52:39
265,30695,Landin Mathison,3:52:43
266,30189,Conor Kelch,3:52:48
267,30339,Diane Kenna,3:52:52
268,31209,Deanne Blas,3:53:08
269,30649,Casey Lowery,3:53:09
270,33465,Nikki Harvey,3:53:12
271,30041,Scott Porter,3:53:14
272,31029,Michele Marcus,3:53:15
273,33497,John Goodman,3:53:18
274,30887,Naomi Ryan,3:53:27
275,33455,Lauren Terrell,3:53:29
276,30756,Lon Rathmell,3:53:37
277,30366,Claire Fernandez,3:53:40
277,30469,Kate Lewis,3:53:40
279,33527,Joshua Collier,3:53:47
280,30835,Travis Johnson,3:53:49
281,30558,Alan Pettit,3:53:50
282,30436,Matt Windham,3:53:51
283,30218,Robert Reynolds,3:53:57
284,30672,Maria Hineline,3:54:08
285,30976,Phuong Thai,3:54:10
285,30518,Cody Lee,3:54:10
287,30173,Guido Chichierchia,3:54:17
288,31155,Lisa Donchak,3:54:23
288,30241,Rocco Henderson,3:54:23
290,33714,Alfred Tello,3:54:28
291,30302,Randolph Grant,3:54:47
292,31166,Joe Aaron,3:54:48
293,30299,Scott Huston,3:54:49
294,30193,Aaron Hawkins,3:55:07
295,30770,Phillip Kurchack,3:55:09
295,30393,Roderick Scott,3:55:09
297,30151,Jeff Furst,3:55:16
298,30762,Cristy Meining,3:55:29
299,30358,John Flint,3:55:30
300,31202,Jay Earich,3:55:31
301,30588,Kat Sattele,3:55:38
302,31306,Casey Gallaher,3:55:39
303,30438,Tracey Jackson,3:55:56
304,30691,Koon Wan,3:55:57
305,30177,John Jacobson,3:56:05
306,30636,Gregory Flanagan,3:56:10
307,30818,Jonathan Radwan,3:56:12
308,30742,Robert Villwock,3:56:15
308,31496,Tyler Woitkowski,3:56:15
308,31365,Nicholas Lazzara,3:56:15
311,30773,Mark Schmidt,3:56:24
312,31991,David O'Rourke,3:56:31
313,30781,Adam Lord,3:56:35
313,31122,Jerry Miller,3:56:35
315,30673,Tony Spake,3:56:44
316,30550,Jean Pierre Rostren,3:56:45
317,31014,Paul Hickey,3:56:47
318,30761,Magdaliene Deline,3:56:51
319,31156,Peter Schichtel,3:56:52
320,30684,Matthew Milam,3:56:57
321,30194,Ryan Davis,3:56:58
322,30898,Austin Brunhoeber,3:57:14
323,31507,Jessica O'Mahoney,3:57:15
324,30178,Matthew Pohorilak,3:57:19
325,31336,Brittney Duffy,3:57:25
325,30705,Greg Dunn,3:57:25
327,30517,Stefani Briere,3:57:32
327,33482,April Allen,3:57:32
329,30130,Sullivan Edwards,3:57:34
330,30225,Laura Romaine,3:57:36
331,30432,Megan Conroy,3:57:41
332,30312,Steven Meyer,3:57:50
333,30447,Andrea Starinsky,3:57:53
334,31158,Stephanie Gogots,3:57:57
335,31495,Kevin Murphy,3:57:59
336,31570,Hampton Lott,3:58:01
337,31518,Dorothy Butler,3:58:02
338,31735,Irene Hamm,3:58:05
339,31296,Ben Bass,3:58:09
340,30774,Christopher Wray,3:58:11
341,30448,Matthew Sebens,3:58:14
341,30386,Erin Zerth,3:58:14
343,31091,Aric Thorne,3:58:22
344,30800,Joshua Nelkin,3:58:25
345,31604,Landon Stubblefield,3:58:31
346,30396,Jamie Saunders,3:58:32
347,30640,Stacey Malcolmson,3:58:36
348,30969,Jered Haynor,3:58:38
349,33681,Barrett Holder,3:58:51
350,30598,Taylor Romine,3:58:54
351,30483,Steven Hubbard,3:58:59
352,31274,Spencer Blakely,3:59:01
353,31269,David Salge,3:59:04
354,31259,Sara Casciano,3:59:13
355,31033,Miriam Gutman,3:59:19
356,30771,Kathleen Fusco,3:59:22
357,31850,Andrea Perreault,3:59:27
358,30759,Kristin Gamble,3:59:32
359,30612,Greg Beckerle,3:59:33
360,30628,Anthony Steele,3:59:37
361,30308,Amy Eddy,3:59:39
362,31936,Carl Adams,3:59:44
363,31307,Sam Hughes,3:59:53
364,30694,Brett Fetter,3:59:59
364,31660,Tyler Dixon,3:59:59
366,32444,Stormy Speaks,4:00:02
367,30486,Dave Taylor,4:00:06
368,31289,Koji Kawabata,4:00:14
369,30749,Tony Wolniakowski,4:00:15
370,30479,Andy Nye,4:00:16
371,31453,Tanya Ratcliff,4:00:17
371,31454,Jordan Diegmueller,4:00:17
373,31837,Jyssica Miller,4:00:21
374,30511,Gustavo Mendez,4:00:25
375,30601,Justin Allen,4:00:27
376,30823,Brandi Nowicki,4:00:39
377,30715,Kenny Johnson,4:00:44
378,31929,Peter Davis,4:00:47
379,30491,Jared Kincaid,4:01:00
380,31548,Gregory Pape,4:01:19
381,30890,Fernando Marquez,4:01:20
382,30744,Joseph White,4:01:24
383,31027,John Brechbill,4:01:28
383,30307,Jake Cronin,4:01:28
385,30617,Greg Walker,4:01:41
386,33522,Kiyoka Panichvatana,4:01:43
386,30836,Tamara Kasper,4:01:43
388,30337,Alejandro Burgos,4:01:49
389,30627,Yanni Lambropoulos,4:02:00
390,32107,Alexander Guerrero,4:02:05
391,31151,Danielle Cosco,4:02:10
392,30594,Tara Bailes,4:02:21
393,31054,Megan Cohan,4:02:22
394,31253,Clayton Phillips,4:02:24
395,30831,Allison Taylor,4:02:26
396,31333,Matt Walberg,4:02:29
397,30470,Laura Dowek,4:02:33
398,30740,Matias Weikert,4:02:37
399,30727,Chris Fox,4:02:49
399,33515,Jeffrey Bliss,4:02:49
399,31138,Rosie Arellano,4:02:49
402,30769,Maria Dean,4:03:17
403,32113,Jennifer Gehrin,4:03:22
404,30807,Trisha Armstrong,4:03:23
405,30318,Robbie Berger,4:03:24
406,31359,Nick Marshall,4:03:26
407,30341,Chris Riser,4:03:27
408,30232,William Horn,4:03:30
409,31589,Gary Shelnutt,4:03:38
410,30767,Brendan Knoblauch,4:03:42
411,30560,Paul Bradbury,4:03:45
412,30846,Gary Nichol,4:03:56
413,30296,Chris Schuer,4:03:58
413,31110,Katie Johnson,4:03:58
415,30798,Clee Malfitano,4:04:03
416,30674,Gisella Pere,4:04:12
417,31120,Jason Cook,4:04:17
418,30146,Chad Carpenter,4:04:19
419,33600,Elizabeth Messineo,4:04:28
420,30711,Aimee Heckman,4:04:34
421,30119,Patricio Hidalgo,4:04:37
422,30397,Dean Martin,4:04:54
423,31560,Haley Kesterson,4:05:02
424,31106,Jeffrey Johnson,4:05:09
425,33510,Tyler Younghouse,4:05:21
425,31352,Brady Watson,4:05:21
427,31464,Philip Leisy,4:05:36
427,31943,Richard Vestal,4:05:36
429,30977,Robert Allen,4:05:49
430,31434,Natascha Leitner,4:05:53
431,31999,Jeremy Johnson,4:05:54
432,31353,Brian Donaldson,4:06:00
432,31876,Arthi Krishnan,4:06:00
434,31143,Brad Andis,4:06:04
435,31218,John Winborn,4:06:12
436,31373,Darcie Brodsky,4:06:41
437,31562,Meggie Komar,4:06:49
438,31423,Anthony Rosso,4:06:53
439,30104,Kelsey Otten,4:07:02
440,30956,Mandy Grimshaw,4:07:05
441,31389,Firmo Demelo,4:07:06
441,30500,Erin Willis,4:07:06
443,30184,Taylor Christiansen,4:07:12
444,33494,Michael Crosby,4:07:13
445,30900,Amanda Binkley,4:07:22
446,30476,Katarina Von Lehmden,4:07:32
447,30581,Lorelei Raymundo,4:07:33
448,30504,Kyle Moritz,4:07:34
449,31297,Terese Grondin,4:07:35
450,31169,Mark Reyes,4:07:38
451,31438,Renee Gould,4:07:52
452,31420,Sean Baum,4:08:03
453,31262,Chad Appleton,4:08:04
454,33669,Jessie Lynch,4:08:09
455,31300,Megan Jepson,4:08:10
456,31584,Wendy Dunevant,4:08:18
457,33645,Stefanie Garrity,4:08:24
458,30702,Grant Donath,4:08:36
459,30609,Hannah Mincey,4:08:37
460,31413,Rachel Hartman,4:08:52
461,30508,Tsutomu Takeda,4:09:16
462,32109,Jessica Salgado,4:09:18
463,31220,Alexander Shinar,4:09:23
464,30523,Elena Harmon,4:09:25
465,30757,Cody Seely,4:09:32
466,30971,Lindsay Harroff,4:10:01
467,30733,Trent Fordham,4:10:02
467,31940,Alexander Jackson,4:10:02
469,33502,Timothy Lewendon,4:10:03
470,30652,Phillip Durity,4:10:07
470,31920,Sean Courser,4:10:07
470,30344,Priya Pappu,4:10:07
473,31140,Kelsey Guglielmi,4:10:08
474,30689,Micah Clemons,4:10:11
475,31064,Gilbert Quioan,4:10:13
475,31175,Alaina Buchwald,4:10:13
477,33504,Allison Morris,4:10:22
478,30718,Jesse Riley,4:10:23
479,31217,Steven Sinclair,4:10:26
480,33350,Christopher Romanoski,4:10:27
481,30743,Jennifer Gurski,4:10:33
482,33490,Jason Haas,4:10:37
483,30748,Hoa Schober,4:10:48
483,30751,Michael Pangallo,4:10:48
485,32111,Monica Marcela Canas,4:10:50
486,30909,Araminta Ray,4:10:52
486,33446,Mackenzie Dysinger,4:10:52
488,30407,Wes Denney,4:10:54
488,30481,Cayla Pusey,4:10:54
490,33684,Matthew Farrell,4:10:58
491,32046,Adam Goodman,4:11:03
492,30332,Coral Wiebe,4:11:05
493,30257,Soren Wakelin,4:11:06
494,30955,Brian Suh,4:11:07
495,30231,Larry Brittan,4:11:08
496,33535,Skylar Dejesus,4:11:10
496,31461,Addison Britton,4:11:10
498,30566,Alyssa Morrison,4:11:12
499,30526,Julia Norton,4:11:16
500,31448,Nikki Calkins,4:11:23
500,33706,Aine Corridon,4:11:23
502,31078,Ryan Monteleone,4:11:33
502,31649,Abbey Head,4:11:33
504,33560,Ben Rosa,4:11:39
505,31409,Michelle Pernat,4:11:40
505,31547,Brian Furao,4:11:40
507,30496,Scott Siersma,4:11:41
508,30814,Tim Petro,4:11:42
509,30335,Justin Bryan,4:11:49
510,30692,Mary Costello,4:11:59
510,30778,W. Daniel Costello Jr.,4:11:59
512,32103,Adam Hodges,4:12:01
513,33478,J.C. Anderson,4:12:02
514,30275,David Cornell,4:12:05
515,32066,Ariana Vaisey,4:12:07
516,32232,Sarah Graves,4:12:18
517,31270,John Edwards,4:12:22
518,30330,Brian Tober,4:12:24
519,31210,Mathias Mortenson,4:12:25
520,31292,Jason Alaniz,4:12:27
521,31988,Rebekah Good,4:12:34
522,31044,Tim Mittan,4:12:49
523,33481,Hannah Burnette,4:12:50
524,33143,Nathan Alley,4:12:52
525,30169,Eric Lozick,4:12:53
526,30263,Ahmad Alammuri,4:12:54
527,30574,Sherry Peterson,4:12:55
528,33459,Israel Sandoval,4:12:57
529,30543,Nicole Piquero,4:13:03
530,30279,Jasser Mahmoud,4:13:05
531,30986,Quinn Williams,4:13:16
532,30669,Solomon Jeong,4:13:24
533,33674,Timothy Phillips,4:13:25
534,30276,Emily Cornell,4:13:28
535,31439,Sandra Therrien,4:13:38
536,30775,Kristin Nelson,4:13:46
537,30940,Chad Mckissick,4:13:52
538,31581,Josh Green,4:13:59
539,33648,Cami Holland,4:14:03
540,32570,Sophia Guzzo,4:14:05
541,31556,Brittany Morrow,4:14:07
542,30101,Emerson Smith,4:14:08
543,32006,Megan Wilkins,4:14:10
544,32097,Bailey Davidson,4:14:15
545,32012,Kaitlyn Jones,4:14:16
546,30725,Paul Bergman,4:14:23
547,30714,Adam Stadel,4:14:24
548,31597,Joao Pagan,4:14:27
549,33467,Brooke Groff,4:14:29
550,30215,Donald Stover,4:14:43
551,30572,Christine Altrock,4:14:52
551,31539,Mia Pecora,4:14:52
553,31490,Koriann Lance,4:14:54
554,31640,Kelsa Debrabant,4:14:56
554,30355,Donald Hilton,4:14:56
556,33513,Nick Bussell,4:15:17
557,31211,Nick Hagemeier,4:15:23
557,31212,Molly Hagemeier,4:15:23
557,31910,Michael Averill,4:15:23
560,33524,Stephen Reed,4:15:32
561,31150,Racheal Ballard,4:15:35
562,31857,Greg Kampman,4:15:37
563,30944,Heini Tallent,4:15:39
564,31410,Amy Rollins,4:15:55
565,30943,Travis Lanier,4:16:06
566,31478,Andre' Page,4:16:08
566,31753,Eric Yeats,4:16:08
568,30370,Benjamin Weber,4:16:10
569,30806,Mari Woodton,4:16:26
570,32186,Bethany Heaman,4:16:31
571,30400,Abbie Nelson,4:16:37
572,30592,Dusty Brown,4:16:43
573,31160,Anne Grumbine,4:16:46
574,30083,Cheko Waters,4:16:47
574,31144,Samuel Baker,4:16:47
576,31042,Christopher Wiggs,4:16:49
577,30295,Megan Sunderland,4:16:57
578,31816,Allie Townshend Peña,4:17:07
579,31565,Toby Jenkins,4:17:09
580,32249,Michelle Sackman,4:17:12
580,32201,Nathan Cross,4:17:12
582,31609,Patricia Amorado,4:17:13
583,31229,Zack Box,4:17:18
584,30728,Jennifer Barden,4:17:24
585,31215,Joshua Denney,4:17:26
586,30826,Kenneth Schafer,4:17:29
586,31358,Miles Snelgrove,4:17:29
588,30786,Brittany Fruin,4:17:30
589,31661,Enrique Lopez,4:17:35
590,30903,Ryan Kelly,4:17:39
591,30838,Alyssa Esber,4:17:40
591,31954,Derek Thiele,4:17:40
593,31089,Whitney Mitchell,4:18:02
594,31271,Kristy Amerson,4:18:08
595,30811,Heather Sims,4:18:10
596,31436,Jacob Fischer,4:18:11
597,31656,Lindsey Urish,4:18:21
598,30954,Kristina Smithe,4:18:26
599,32144,Meghan Gallagher,4:18:33
600,30488,Kelly Farrow,4:18:36
600,30489,Steve Farrow,4:18:36
600,30097,[email protected] Delozier,4:18:36
603,33492,Victor Kunze,4:18:40
603,31285,Michael Mau,4:18:40
605,30685,Carlos Mancilla,4:18:43
606,31294,Creighton Kellum,4:18:52
607,31225,Marlene O'Laney,4:18:55
608,31652,Jennifer Leeper,4:19:02
609,32456,Brenda Brawley,4:19:06
610,31207,Patrick Corley,4:19:12
611,30625,Joe Sernett,4:19:15
612,30473,Christopher Gworek,4:19:19
613,31561,Kristin Shaffer,4:19:27
614,31852,Stephanie Sigmond,4:19:30
614,31095,Lorin Shimonek,4:19:30
616,30731,Brenna Lakeson,4:19:42
617,33637,Mauricio Sotelo,4:19:47
617,33613,Donald Lipper,4:19:47
619,31977,Jake Estienne,4:20:04
620,32892,Lottie Barton,4:20:22
621,30990,Emily White,4:20:28
622,33646,Deborah Gilligan,4:20:30
622,30505,Eric Kingara,4:20:30
624,31976,Jessica Wheeler,4:20:38
625,30421,Megan Sykes,4:20:42
625,31383,Ignacio Alvarado,4:20:42
627,30573,Lisa Prevedel,4:20:49
628,33536,Shane Schroeder,4:20:51
629,31765,Stephanie Unekis,4:20:52
630,31875,Olivia Bock,4:20:54
631,30611,Chris Bain,4:20:56
632,33719,James Marchesani,4:21:00
633,33531,Morgan Lawler,4:21:01
633,33477,Jed Henry,4:21:01
635,30768,Bethany Mills,4:21:03
636,31372,Cecilia Arango,4:21:04
637,31196,Angie Rieger,4:21:09
638,33575,Jeffrey Hodge,4:21:18
639,30345,Christopher Sexton,4:21:30
640,31246,Michael Bauman,4:21:33
641,30793,Chad Crawley,4:21:41
642,30464,Matt Southcott,4:21:46
643,31111,Taylor Hidalgo,4:21:50
644,32536,Michael Schiebout,4:21:54
644,33456,Steve Troxel,4:21:54
646,33511,Keith Hoelzeman,4:22:03
647,30994,Michael Reddish,4:22:05
648,31295,Bob Farris,4:22:06
649,31522,Randy Mccloud,4:22:10
650,31521,Mckenzie Mccloud,4:22:11
651,30653,Sean Burns,4:22:12
652,32722,Cameron Snook,4:22:17
653,30610,Iliana Osterholt,4:22:19
654,31600,Shannon Keller,4:22:23
655,31510,Ariel Robinson,4:22:25
656,30583,Caitlin Reilly,4:22:27
657,30856,Wendy Blank,4:22:31
658,31096,Tristan Perry,4:22:33
659,31273,Pedro Madeira,4:22:41
660,31020,Mark Schenkel,4:22:44
661,31566,Butch Whitworth,4:22:51
662,31475,Blake Cortner,4:22:53
663,31387,Rachel Padalino,4:22:56
664,31430,Arial Ruble,4:22:58
665,31327,Daniel Mccaslin,4:23:04
666,33703,John Jones,4:23:05
667,30361,Chase Hoyt,4:23:08
668,31611,Joanna Libby,4:23:13
669,31650,Stephanie Kurchack,4:23:25
670,30264,Michael Passaro,4:23:30
671,30643,Christian Yonkoski,4:23:38
672,33104,Chase Snider,4:23:40
673,30933,Jared Matsunaga,4:23:41
674,30334,Chris Stotler,4:23:54
675,31426,Torrey Wiley,4:24:02
676,30712,Katrin Sames,4:24:07
676,31417,Brian Pranske,4:24:07
678,31971,Jacob Simpson,4:24:12
679,31809,Teresa Osgood,4:24:13
680,30552,Juraj Maksi,4:24:14
680,30842,Jill Ryan,4:24:14
682,31350,Stephen Jernigan,4:24:17
683,30589,Kenneth Frazier,4:24:23
684,31311,Ryan Houthoofd,4:24:25
685,31012,Bradley Rodgers,4:24:33
686,31147,Melissa Spahar,4:24:36
687,32202,Matt Gould,4:24:40
688,31908,Joshua Carlucci,4:24:41
689,30732,Chris Hall,4:24:43
690,32187,Scott Benson,4:24:47
691,30637,Ashley Lureen,4:24:49
692,31368,Evan Brown,4:24:54
693,32196,Laura Winalski,4:24:58
693,31491,Kaitlin Heck,4:24:58
693,30424,Jamie Schuer,4:24:58
693,31939,Stephanie Shipley,4:24:58
697,30516,Lauro Ortiz,4:25:03
698,30896,Lee Schmidt,4:25:04
699,31418,Sheryl Lewis,4:25:06
699,31534,Paul Barbeau,4:25:06
701,30398,Tony Giannone,4:25:11
702,31441,Timothy Scott,4:25:18
703,31238,Heather Smith,4:25:26
703,31500,Jennifer Bauer,4:25:26
705,30979,Clay Dolatowski,4:25:30
706,33500,Kevin Horrigan,4:25:36
707,517,Dan Albert,4:25:38
708,33639,Marla Albert,4:25:40
709,31364,Chris Hegwood,4:25:47
710,31047,Amy Cook,4:25:49
711,33638,Patrick Paolini,4:25:52
712,30404,Ian Shoup,4:25:55
713,30499,Trace Cline,4:25:56
714,30291,Garrett Davis,4:26:02
715,30639,David Martinez-Bulla,4:26:03
716,32124,Patrick Neuman,4:26:04
717,31338,Chris Miller,4:26:05
718,32056,Kyle Feeley,4:26:07
719,31163,Elizabeth Webb,4:26:17
720,30951,Jennifer Drury,4:26:19
721,31119,Kelsey Smith,4:26:21
722,30764,Stephen Dunkley,4:26:24
723,32016,Malachi Gandy,4:26:25
724,30567,Kristina Selters,4:26:34
725,30726,Sara Schulz,4:26:52
726,31447,Erin Haris,4:27:07
727,30850,Koji Takeda,4:27:20
728,31367,Ankur Lal,4:27:21
729,31701,Wyatt Surbey,4:27:23
729,31243,Allison Taylor,4:27:23
731,33538,Luca Mandrioli,4:27:24
732,32161,Carly Chianese,4:27:25
733,31406,Dave Sullivan,4:27:28
734,32047,James Greer,4:27:36
735,31429,Sean Smith,4:27:39
736,30537,Art Blanchford,4:27:50
737,31440,Cindy Akins,4:27:52
738,32085,Beth Gartland,4:27:55
738,31885,William Gunn,4:27:55
740,31878,Allison Gough,4:28:04
741,31545,Stephanie Sokolowski,4:28:05
742,30686,Ericca Whitt,4:28:15
743,31374,Brittney Mcdaniel,4:28:19
744,31125,Grace Sims,4:28:23
745,31567,Dennis Norman,4:28:30
746,30754,Charles Newnam,4:28:31
747,30524,Greg Burress,4:28:33
748,32112,Bibiana Rincon,4:28:37
749,30618,Greg Van Patten,4:28:38
750,30026,John Ramsay,4:28:45
751,30191,Ronald Woodall,4:28:54
752,31264,Stacy Gagne,4:29:00
752,30832,Theresa Lyon,4:29:00
754,31244,Lierin Rossman,4:29:02
755,31263,Stephen Vought,4:29:08
756,33521,Leah Holsclaw,4:29:19
757,31697,Megan Welu,4:29:20
757,31530,Elizabeth Brown,4:29:20
759,31432,Wesley Tyus,4:29:32
760,30783,Patrick Wilkens,4:29:38
761,30824,Joel Reader,4:29:42
761,31135,Paul Lyons,4:29:42
763,31451,Rene Aldrich,4:29:48
764,31061,Kimberly Berry,4:29:50
765,33548,Kevin O'Connor,4:29:51
766,31251,Rebecca Laird,4:29:52
767,31532,Keith Weghorst,4:29:54
768,33066,Hillary Bendert,4:29:57
769,31695,Ranjan Mehta,4:30:15
770,30514,Timothy Ford,4:30:16
771,33657,Laurie Rice,4:30:19
772,33533,Ken Myers,4:30:20
773,520,Brett Smith,4:30:34
774,31154,Rob Goeckermann,4:30:36
775,31148,Kristy Theisen,4:30:52
776,33523,Allison Axness,4:30:58
776,33529,Nicole Moffitt,4:30:58
776,31180,Melissa Hoggard,4:30:58
776,33528,Vanessa Foy,4:30:58
776,33573,Anne Norsted,4:30:58
781,30571,Tommy Condon,4:31:09
781,31391,Francine Gibson,4:31:09
783,31239,Austin Lively,4:31:11
784,32033,Chelsea Walbridge,4:31:13
784,32034,Evan Walbridge,4:31:13
784,31172,Peter Jourgensen,4:31:13
787,30632,Logan Luker,4:31:15
788,31966,Gwen Tuck,4:31:27
789,32054,Heather Harms,4:31:29
790,31568,Sokol Vari,4:31:31
790,30377,Jessica Krimmel,4:31:31
792,31901,Aaron Mccarley,4:31:32
793,31179,Joan Swearingen,4:31:41
794,33658,Carl Dunphy,4:31:42
795,30553,Joel Wren,4:31:51
796,31152,Martin Rochette,4:31:58
797,32064,Trevor Kramer,4:32:00
797,31004,Kevin Nielsen,4:32:00
799,31222,Grant Barrett,4:32:02
799,31590,Florence Mcgraw,4:32:02
801,33284,Marie Fisher,4:32:20
801,31538,Kristi Marcera,4:32:20
803,32019,Liz Huntley,4:32:25
804,31890,Kristen Long,4:32:29
805,33577,Bryce Cosby,4:32:34
806,30745,Joey Tappon,4:32:43
807,31855,Lisa Johnson,4:32:45
807,31886,Marcus Wasilevich,4:32:45
809,31250,Caroline Limbaugh,4:32:46
810,30837,Sylvia Claire Jaworski,4:32:49
811,31524,Alyssa Rysdyk,4:32:51
811,31523,Emily Hagerman,4:32:51
813,31052,Deb Fleck,4:32:52
814,31185,Hannah Plunkett,4:32:58
815,31183,Emily Burgett,4:33:10
815,31084,Chris Daniel,4:33:10
817,32750,Joel Sosebee,4:33:26
818,30349,Caroline Ruttenberg,4:33:27
819,31452,Tien Nguyen,4:33:41
819,32100,Aaron Turley,4:33:41
821,30113,Scott Bell,4:33:52
822,30663,Tim Powers,4:33:53
823,526,Larry Epps,4:33:55
824,32746,Emily Hanner,4:33:57
825,31921,Mckenzie Renshaw,4:34:06
826,32734,Steven Sloan,4:34:07
826,32736,Kelsey Shaw,4:34:07
828,32568,Brittany Dernberger,4:34:13
828,32780,Stephanie Phelps,4:34:13
830,31832,Nicole Cochran,4:34:14
831,30730,Shawn Loy,4:34:15
832,30860,Erin Soedt,4:34:19
833,30884,Robert Garza,4:34:24
834,32089,Lexa Mclauchlin,4:34:28
835,31643,Will Deisley,4:34:32
836,32035,Shelby Mitchell,4:34:33
836,32083,Marisa Stahl,4:34:33
838,30939,Dallas Smith,4:34:37
839,30677,Ranae Cirrincione,4:34:42
840,32162,Katherine Lew,4:34:45
841,31192,Brad Hirsch,4:34:46
842,31193,Eve Mills,4:34:49
842,33213,Kevin Davenport,4:34:49
844,30861,Jeffrey Baumann,4:34:58
844,31254,Evan Phillips,4:34:58
846,32137,Connally Sasser,4:35:05
847,31276,Luis Luevanos,4:35:06
848,32244,Sara Kate Harbarger,4:35:07
849,31437,Brad Cairns,4:35:08
850,32217,Patrick Scully,4:35:21
851,31487,Hunter Newby,4:35:22
852,31626,Anna Childers,4:35:24
853,31214,Morghan Jameson,4:35:33
853,31201,Rachael Jameson,4:35:33
855,31811,Taylor Randall,4:35:40
856,31070,Maxxwell Lebiecki,4:35:42
857,30965,Terry Dietzler,4:35:47
858,30999,Trista Gunderman,4:35:51
859,33501,Chris Strickland,4:35:55
860,31424,Thomas Lubeck,4:36:01
861,33132,Andrea Burchett,4:36:10
862,31658,Karen Wendler,4:36:12
863,33586,Konstance Carlisle,4:36:15
864,30128,Chris Zborowski,4:36:18
865,32716,Kylie Watts,4:36:22
865,32714,Megan Wingo,4:36:22
867,30666,Joshua Wegner,4:36:24
868,31651,Lily Cummings,4:36:25
869,30924,Jeremy Smith,4:36:34
869,30926,Denise Hiuga,4:36:34
869,31870,Regina Hodge,4:36:34
872,31187,Christopher Keelan,4:36:39
873,31015,Andy Heck,4:36:40
874,31334,Brett Stanger,4:36:56
875,32205,Anna Harris,4:37:08
876,31620,Tina Errthum,4:37:19
876,31245,Chris Koverman,4:37:19
878,31828,Katherine Didonato,4:37:25
879,31937,Erin Cantwell,4:37:26
880,32088,Grant Vankirk,4:37:38
881,33553,Christa Casey,4:37:46
882,31408,Jennifer Adams,4:37:53
883,31105,Jake Smrekar,4:38:00
883,30946,Mike Lord,4:38:00
885,31431,Brandon Ward,4:38:01
886,32516,Ryan Gallagher,4:38:04
887,31018,Jorge Mendoza,4:38:15
888,31428,Lynette Mccloud,4:38:16
888,31197,Kristin Johnson,4:38:16
890,31233,Jacob Rossman,4:38:18
890,31021,Paul Geffken,4:38:18
890,31378,Mike Dwyer,4:38:18
893,32065,Alex Tolbert,4:38:24
893,31216,Natalie Clark,4:38:24
895,31195,Erica Veil,4:38:31
896,32263,Justina Murphy,4:38:32
897,33247,Elizabeth Strom,4:38:56
898,32720,Gina Simpson,4:38:59
899,30862,Steve Virgo,4:39:00
900,31098,Carrie Terlecky,4:39:02
901,31302,Taylor Howard,4:39:04
902,31031,Frank Lopez,4:39:08
903,32121,Katie Auld,4:39:10
904,31687,Shanna Monahan,4:39:13
904,32171,Lydia Rialland,4:39:13
906,32053,Vic Duggan,4:39:16
907,31200,Catherine Roebuck,4:39:18
908,32069,Barry Hurst,4:39:20
909,33720,Garrett Aune,4:39:23
910,33507,Jeff Teeters,4:39:27
911,31422,Preston Campbell,4:39:29
911,31203,Brooke Campbell,4:39:29
913,31283,Chris Gaffney,4:39:35
914,30244,Hannah Beasley,4:39:43
915,30966,Jaclyn Serafin,4:39:57
916,31923,Christopher Heltzel,4:39:58
917,30972,Ann Sauer,4:40:04
918,32946,Lauren Keyandwy,4:40:06
919,525,Gerald Tarlton,4:40:08
920,32958,Christy Benningfield,4:40:11
920,31435,Connie Clarke,4:40:11
920,31230,Darryl Pea,4:40:11
923,30991,Paul Rolland,4:40:12
924,30789,Monica Espey,4:40:20
925,31072,Allie Parker,4:40:44
926,32127,John Renfroe,4:40:47
927,30810,Danny Sarnowski,4:40:50
928,30989,Pablo Ignacio Rodriguez Gonzalez,4:40:53
929,33555,Luke Catledge,4:41:04
930,30683,Brenton Graham,4:41:06
931,30012,Holly Friedlander,4:41:07
931,30654,Erin Mick,4:41:07
931,31678,Nicole Olson,4:41:07
934,33509,Jonathan Krebs,4:41:08
935,33188,Shane Malek,4:41:10
936,31525,Scott Litwin,4:41:14
937,32086,Garrett Maiolo,4:41:16
938,32039,Phil Hunt,4:41:25
938,32043,Dave Thibodeau,4:41:25
940,31247,Andrew Currier,4:41:28
941,31040,Rich Demarais,4:41:31
941,31384,Todd Fipps,4:41:31
943,32308,Bea Benavides,4:41:35
944,31849,Miguel Anguiano,4:41:37
945,31520,Stephanie Nidiffer,4:41:39
945,31234,Cole Griffin,4:41:39
945,31335,Ashley Dicks,4:41:39
948,31319,Grace Bennett,4:41:46
949,30777,Ev Reb,4:41:47
950,32008,Dana Devore,4:42:03
951,31826,Monica Smith,4:42:05
952,30478,Ashley Baltes,4:42:06
953,31789,Sinead Mclaughlin,4:42:10
954,32756,Kyle Kraemer,4:42:13
955,32220,Morgan Markley,4:42:31
956,33584,Jane Carlisle,4:42:50
957,31433,Ryne Stokes,4:42:51
958,31124,Justin Stewart,4:42:54
959,31090,Tori Levy,4:42:55
960,32300,Linsey Timen,4:42:56
961,30597,Amanda Dale,4:43:02
961,31618,Brad Piepenbrink,4:43:02
963,31698,Anthony Southerland,4:43:11
964,32158,Erick Shultz,4:43:14
964,31684,Rachel Baxter,4:43:14
966,31227,Amy Blum,4:43:16
967,31742,Hannah Bibb,4:43:17
968,31734,John Rach,4:43:18
969,31275,James Mcnichols,4:43:23
970,32007,Lynn Roberts,4:43:35
971,31864,Abby Depriest,4:43:37
972,30660,Nathan Nooner,4:43:46
972,31654,Allison Shartzer,4:43:46
974,31833,Fernando Avalos,4:43:48
975,30676,Natalie Converse,4:43:51
976,31076,Donna England,4:43:56
977,30206,Robert Storey,4:43:57
978,32200,Shawn Walsh,4:43:58
979,30548,Mark Scrivner,4:44:05
980,32164,Renee Sannan,4:44:07
980,30467,Jennifer Priest,4:44:07
982,31402,Blair Hollis,4:44:13
983,31820,Joey Msall,4:44:16
984,30825,Reuben Sliva,4:44:22
985,30509,Susan Ashworth,4:44:28
986,32165,Nena Guin,4:44:36
987,32134,Alan George,4:44:37
988,31517,Dolores Lucas,4:44:39
989,30525,Dennis Zaborac,4:44:40
990,31242,Kirk Gripenstraw,4:44:48
991,31248,Tara Adams-Trueblood,4:44:49
991,31255,Fred Dummar,4:44:49
991,30513,Troy Grimes,4:44:49
994,30863,Anders Lindquist,4:44:50
995,31258,Rhiana Sherwood,4:44:52
996,31213,Neal Gulkis,4:44:57
997,30242,Chris Hodges,4:44:58
998,31688,Kevin Gunn,4:45:04
999,31308,Daisuke Katagiri,4:45:09
999,32014,Lindsay Mcsweeney,4:45:09
1001,32084,Sarah Farrow,4:45:11
1001,31555,Scott Boettcher,4:45:11
1003,31133,Isaac Fowler,4:45:18
1003,32228,Nathan Fowler,4:45:18
1005,32021,Jonerik Livingston,4:45:33
1005,32772,Katherine Troxell,4:45:33
1005,32786,Julie Austin,4:45:33
1008,32672,Chelsea Blankinship,4:45:34
1009,32149,Marisa Gonzales,4:45:35
1010,30859,Ryan Lykins,4:45:36
1010,31267,Christopher Groskaufmanis,4:45:36
1012,30803,Julie Landrum,4:45:42
1013,30015,Jennifer Erausquin,4:45:53
1014,31543,Steven Titzer,4:45:56
1015,30596,Randy Harris,4:45:57
1016,30564,Barry Hamilton,4:46:03
1017,31616,Sarah Jurgensmeyer,4:46:10
1018,31002,Sally Denoma,4:46:12
1019,30746,Maggie Pelz,4:46:14
1020,30062,Adam Allie,4:46:15
1021,31646,Kevin Sandall,4:46:18
1022,30817,Ashley Flynn,4:46:28
1023,32229,Amanda Martin,4:46:29
1024,33498,Ricky Krisle,4:46:37
1025,31776,Cindy Thompson,4:46:39
1026,30766,Maxwell Tebos,4:46:44
1027,30829,Samuel Tebos,4:46:45
1027,31219,Jill Tebos,4:46:45
1027,30765,Gabriel Tebos,4:46:45
1030,33542,Dayquan Julienne,4:46:49
1031,30533,Ralph Arvizu,4:46:50
1032,30204,Bradley Thompson,4:47:00
1032,521,Pallie Jones,4:47:00
1034,31508,Abi Gearing,4:47:01
1035,30599,Ryan Morgan,4:47:04
1036,30373,Peter Hunt,4:47:22
1037,30109,Joe Kiley,4:47:29
1038,31880,Anky Lam,4:47:30
1039,33642,Lisa Greenbaum,4:47:41
1040,31317,Katie Hall,4:47:45
1041,31587,Radnee Anib,4:47:47
1042,33581,Luke Diehl,4:47:54
1043,30913,James Pottmeyer,4:47:58
1044,31996,Amanda Miller,4:48:01
1044,33344,Lael Humble,4:48:01
1046,31279,Robert Demaio,4:48:03
1047,31280,Jenny Denkler,4:48:04
1048,31636,Julia Mackendrick,4:48:06
1049,31278,Walter Perry,4:48:07
1050,30855,Kathleen Kelly,4:48:18
1051,31782,Robert Hartley,4:48:25
1052,30359,Curtis Marshall,4:48:29
1053,30306,William Johnson,4:48:44
1054,31894,Bhaviksha Ranchod,4:48:50
1054,31669,Angie Koonin,4:48:50
1054,31865,Zach Lemke,4:48:50
1057,32612,Kimberley Mckenzie,4:48:51
1058,31619,Gwenthian Hewitt,4:48:53
1059,32023,Cheryl Doucette,4:48:56
1060,31670,Nick Alexander,4:49:00
1061,30792,Jon Winchester,4:49:06
1062,31232,Jonathan Nall,4:49:11
1063,32114,Kimberly Knox,4:49:12
1064,32020,Allison Capps,4:49:13
1065,31088,Melissa Katzer,4:49:21
1066,30910,Chad Koyama,4:49:27
1066,31552,Matt Simmons,4:49:27
1068,30752,Anna Jones,4:49:28
1069,32306,William Farner,4:49:37
1070,31401,Kayley Byl,4:49:39
1071,32028,Drew Reynolds,4:49:42
1072,32314,Rachel Clardy,4:49:47
1073,32816,Jonathan Wilson,4:49:48
1074,30901,Jonathan Binkley,4:49:55
1075,31449,Patty Singley,4:50:00
1075,31896,Akihito Ishiwatari,4:50:00
1077,32209,Claudio Chittaro,4:50:02
1078,31006,Paula Carter,4:50:03
1079,31906,Candace Schutt,4:50:04
1080,31057,Bill Hopkins,4:50:06
1081,31774,Lexi Loving,4:50:07
1082,32820,Lori Brown,4:50:09
1083,33547,Frans Tegroen,4:50:10
1084,31637,Bob Cornell,4:50:17
1085,31174,Ionela Halke,4:50:18
1086,30002,Stephanie Plese,4:50:19
1087,31563,Jessica Speers,4:50:29
1088,31956,Stephanie Goeckermann,4:50:32
1089,31081,Ellen Judy,4:50:36
1089,31851,Alexis Melloy,4:50:36
1091,31531,Karen Langer,4:50:40
1092,32030,Anna Danals,4:50:55
1093,32390,Nick Qin,4:50:56
1094,31814,Andrea Griswold,4:51:00
1095,32235,Alayne Klopp,4:51:04
1096,32596,Hao Wang,4:51:05
1097,30849,Ryan Beaird,4:51:06
1097,32176,Aly Beaird,4:51:06
1099,31869,Mary Kay Shigo,4:51:20
1100,33221,Allyson Schuchert,4:51:27
1101,30376,Oryvie Johnson,4:51:32
1101,32240,Mary David,4:51:32
1103,33526,Roberto Mello,4:51:38
1104,30729,Michael Pietrzykowski,4:51:40
1105,31542,Stacy Bagal,4:51:53
1106,30647,Thomas Brim-Edwards,4:52:05
1107,32686,Ben Warren,4:52:07
1108,32077,Amy Frank,4:52:12
1109,30200,Ross Burke,4:52:25
1110,31621,Bart Quale,4:52:28
1110,31411,Mark Halverson,4:52:28
1112,31412,Kendra Halverson,4:52:29
1112,31425,Tim Kotlowski,4:52:29
1114,32317,Jesica Watkins,4:52:38
1115,30297,Jimmy Nicolas,4:52:39
1115,31639,James Shepherd,4:52:39
1117,33593,Bridget Peberdy,4:52:41
1118,31463,Ken Oeser,4:52:46
1119,30895,Jordan Paris,4:52:58
1120,30364,John Johnson,4:53:05
1121,32163,Kimberly Pitts,4:53:20
1122,31445,Bobby Newman,4:53:21
1122,33042,Caroline Davis,4:53:21
1124,31790,Gary Dibble,4:53:26
1124,31208,Cameron Willoughby,4:53:26
1126,538,James Evans,4:53:39
1127,30544,Tim Guider,4:53:40
1128,33394,Kurt Schuettinger,4:53:47
1129,30958,Evan Allie,4:53:51
1130,33064,Lily Albright,4:53:55
1131,32247,Jarrod Cordel,4:54:02
1132,33167,Jeffrey Mercer,4:54:03
1133,33160,Rodney Ragland,4:54:13
1133,31614,Tiffany Yiatras,4:54:13
1135,31784,Karen Stummer,4:54:20
1136,32027,Evan Shinar,4:54:22
1137,31845,Matthew Conwell,4:54:29
1138,31159,Janette Wheeler,4:54:31
1139,30027,Tommy Clark,4:54:37
1140,32258,Chip Rebadow,4:54:41
1141,31017,Holly Huston,4:54:42
1142,32129,Dana Long,4:54:45
1143,31272,Josh Mcquillan,4:54:50
1143,31783,Wendy Christofferson,4:54:50
1145,33565,John Armour,4:54:55
1146,31483,Jamie Yancey,4:54:59
1147,30549,John Strohm,4:55:05
1148,33653,Danny Mogan,4:55:06
1149,31882,Ricky Lam,4:55:08
1149,30982,James King,4:55:08
1151,32190,Mindi Whittaker,4:55:09
1151,31982,Gabby Hernandez,4:55:09
1153,522,Larry Phillips,4:55:18
1154,32117,Isil Smith,4:55:23
1155,31073,David Puck,4:55:28
1156,33556,Mary Gore,4:55:32
1157,31992,Tonya Bradford,4:55:35
1158,31298,Jessica Smiley,4:55:45
1159,31754,Fabio Marri,4:55:46
1160,31913,Joel Mensch,4:55:56
1161,31793,Meghan Marano,4:55:57
1162,32009,Mary Grace Eades,4:55:58
1163,32146,Cyndi Stringham,4:56:01
1164,31549,Scott Foster,4:56:06
1165,33520,Russell Durdunji,4:56:11
1165,31339,Chris Root,4:56:11
1167,32276,Mackenzie Gorthy,4:56:14
1167,32277,Brook Plato,4:56:14
1169,33508,Sota Kibe,4:56:15
1170,30351,Xiaoming Jin,4:56:21
1170,33676,Julia Roseman,4:56:21
1172,31204,Nick Huston,4:56:23
1173,31950,William Weger,4:56:27
1174,30551,Jeremy Greer,4:56:34
1175,32238,George Lien,4:56:36
1176,32266,Michael Flynn,4:56:39
1177,33256,Grace Lee,4:56:41
1178,32706,Samuel Vasquez,4:56:42
1178,31173,Kevin Gerner,4:56:42
1180,31415,Amanda Swerdlow,4:56:45
1181,30701,Patricio Gavilan,4:56:47
1182,31841,Ryan Hathaway,4:56:50
1182,31840,Sarah Fustin,4:56:50
1184,31706,Erin Dahlin,4:56:51
1184,31186,Brian Cotter,4:56:51
1186,31689,Maureen Dunnagan,4:56:52
1187,31874,Chuck Cook,4:57:06
1188,33046,Elizabeth Russell,4:57:11
1189,32102,Lea Parsley,4:57:13
1190,31911,Emily Langdon,4:57:15
1191,32192,Vanessa Goodnight,4:57:17
1192,30983,Gary Letchworth,4:57:21
1193,30538,Denise Sauriol,4:57:26
1194,31673,Sarah Oelker,4:57:27
1195,31961,Matthew Dorian,4:57:39
1196,32017,Mark Delegal,4:57:41
1197,32041,Alexandria Spillman,4:57:42
1198,32157,Kristen Kukla,4:57:44
1199,31526,Stephen Mcingvale,4:57:54
1200,31893,Joseph Saig,4:57:55
1201,31644,Susan Gamble,4:57:58
1202,31114,Scott Martineau,4:58:13
1203,31127,Steven Herald,4:58:19
1204,33572,David Cohen,4:58:20
1205,30477,Jenny Lopez,4:58:21
1206,32068,Ben Kinsey,4:58:36
1206,33552,Rachel Mcafee,4:58:36
1208,30235,Nghiem Le,4:58:38
1209,33679,Lorena Perez,4:58:43
1210,32313,Kristina Spillers,4:58:48
1210,32900,Andrew Wentworth,4:58:48
1212,33525,David Gress,4:58:51
1213,30547,Justin Reed,4:58:54
1214,31450,Jessica Johns,4:58:57
1215,31003,John Riegel,4:59:05
1216,31858,Brian Kampman,4:59:22
1217,32740,Donald Halke Ii,4:59:25
1217,32106,Ryan Dearbone,4:59:25
1219,31898,Dawn Woolford,4:59:27
1220,33503,Candice Byars,4:59:31
1221,31582,Graciela Garcia,4:59:35
1222,33678,Josh Wolter,4:59:37
1222,33229,Timothy Dugan,4:59:37
1224,32045,Eric Killgo,4:59:42
1225,33484,Jenny Twaddell,4:59:47
1226,32712,Melissa Lameka,4:59:54
1226,33499,Kriste Sheft,4:59:54
1228,32188,Alexandra Sanden,5:00:00
1229,33417,Shreyas Patel,5:00:01
1230,31680,Jennie Lipson,5:00:02
1231,30934,Samuel Younger,5:00:04
1232,33108,Kristen Puzzo,5:00:13
1233,31385,Mahmud Brifkani,5:00:14
1234,31063,Kyle Hirsch,5:00:15
1235,32239,Pearson Lien,5:00:22
1236,33709,Beth Sanders,5:00:24
1237,32281,Kate Heid,5:00:30
1238,33580,Mike Kumiyama,5:00:33
1239,31722,Angela Whitley,5:00:34
1240,31162,Kelsey Powell,5:00:37
1241,31558,Jeremiah Farwell,5:00:39
1241,31915,Cyrus Rhode Jr,5:00:39
1243,31571,Chris Millea,5:00:49
1244,33004,Megan Thompson,5:01:00
1245,33588,Matt Valnoski,5:01:01
1246,30984,Santiago Molina,5:01:03
1247,33673,Matthew Voyles,5:01:05
1248,31987,Joshua Govreau,5:01:37
1249,33643,Barbara Evans,5:01:39
1250,31786,Corrinne Rosquillo,5:01:48
1251,32048,Eric Solomon,5:01:49
1252,32237,Jennifer Johnson,5:01:54
1253,31691,Savannah Van Loon,5:01:57
1254,32004,Lee Cundiff,5:01:59
1254,31692,Annelise Vaage,5:01:59
1256,32101,Michelle Musser,5:02:00
1257,32514,Jacqueline Kelly,5:02:01
1258,32940,Dusty Akom,5:02:07
1258,32938,Darlene Akom,5:02:07
1260,31907,Hannah Moses,5:02:14
1261,32766,Ron Trenkamp,5:02:19
1262,30698,Walter Oehm,5:02:20
1263,31572,Toby Samples,5:02:23
1264,31557,Mitchell Smith,5:02:25
1265,32784,Anna Mumma,5:02:37
1266,33589,Daniel Horne,5:02:40
1267,30453,Sarah Shearer,5:02:45
1267,30454,Jonathan Shearer,5:02:45
1269,31617,Nick Langas,5:02:50
1270,31592,Ryan Nowicki,5:02:51
1271,32078,Heather Knoll,5:02:52
1271,33663,Carl Livingston,5:02:52
1273,31394,Susan Lucas,5:03:01
1274,31655,Paul Gourley,5:03:04
1275,33178,Tiffany Chea,5:03:08
1275,31260,Melissa Kauffman,5:03:08
1275,31677,Erica Mellinger,5:03:08
1278,32245,Mike Parrish,5:03:20
1278,33228,Brayden Petroshus,5:03:20
1280,30693,Alec Bove,5:03:21
1280,33231,Brett Fair,5:03:21
1282,32504,Stacy De Las Alas,5:03:22
1283,30559,Esti Ollerman,5:03:24
1284,33374,Leah Driessen,5:03:34
1284,31056,Katie Taber,5:03:34
1286,32125,Katie Butzu,5:03:35
1287,33557,Debbi Faron,5:03:39
1288,32796,Gary Voge,5:03:40
1289,31990,Annette Tompkins,5:03:44
1289,30604,Robert Gaumond,5:03:44
1289,31087,Taylor Marshall,5:03:44
1292,32147,Kitab James,5:03:47
1293,32630,Daniel Demarco,5:03:50
1294,31799,Chris Demarco,5:03:51
1295,30841,Svitlana Sergiienko,5:03:54
1296,31000,Nathan Lincoln,5:03:56
1297,33156,Melodee Jamison,5:03:58
1297,33157,Justin Jamison,5:03:58
1299,32354,Meredith Ward,5:04:06
1300,32838,Dan Vild,5:04:09
1300,32836,Michael Sutter,5:04:09
1302,30927,Stanley Zeto,5:04:16
1303,30928,Anthony Zeto,5:04:19
1304,31205,Cameron Durity,5:04:21
1305,30485,Mike Spaulding,5:04:24
1305,31628,Michelle Thompson,5:04:24
1307,31941,Eric Hagan,5:04:26
1308,32944,Calisa Fitzpatrick,5:04:29
1309,33571,Paul Wallace,5:04:34
1310,31085,Kevin Murphy,5:04:36
1311,32206,Katherine Russell,5:04:47
1311,32222,Lola Thomas,5:04:47
1313,31048,Mike Seyman,5:04:54
1314,32255,Philip Piaget,5:05:00
1315,32126,Nicole Fasciana,5:05:10
1316,32960,Thomas Raffelt,5:05:11
1317,32321,Lisa Buske,5:05:16
1318,32664,Amy Krupp,5:05:21
1319,32204,Cara Enright,5:05:22
1320,33558,Raymond Siegmund,5:05:23
1321,31690,Richard Yokum,5:05:31
1321,31700,Jeff Baden,5:05:31
1323,30735,Dylan Higgins,5:05:41
1323,33246,Ethan Robbins,5:05:41
1325,31962,Shannon Vogler,5:05:49
1326,31287,Thomas Giandoreggio,5:05:56
1327,32002,Alex Jones,5:06:00
1327,32752,Jessica Yoder,5:06:00
1329,33582,Dylan Burress,5:06:01
1330,32822,Jennifer Luitwieler,5:06:03
1331,32914,Rachel Lambert,5:06:04
1332,32284,Margo Otteson,5:06:14
1333,32145,Sheila Bruinooge,5:06:21
1334,31613,Andrew Sineni,5:06:22
1335,32760,Steve Teresi,5:06:24
1336,30796,Thomas Dorris,5:06:25
1337,32132,Collin Smith,5:06:35
1338,30996,Joe Rossi,5:06:38
1339,33171,Jeff Benton,5:06:39
1340,31781,Bryan Grullon,5:06:40
1341,32824,Christy Logan,5:06:49
1342,33428,Joseph Ninke,5:06:51
1343,32253,Timothy Walker,5:06:53
1343,31917,Abhijit Deshpande,5:06:53
1345,33122,Jennifer Moore,5:06:56
1346,33662,Renee Laque,5:07:16
1347,32812,Elizabeth Banas,5:07:26
1348,31675,Honglinh Truong,5:07:33
1349,33661,Tim Smith,5:07:36
1350,30541,Kay Geving,5:07:38
1351,31535,Shauna Barbeau,5:07:39
1352,32193,Chris Kjear,5:07:41
1353,31038,Jenn Blackburn,5:07:49
1354,32594,Pat Mcfarland,5:07:54
1355,30852,Kristina Laux,5:08:04
1356,30932,Jeanne Ineman,5:08:07
1357,33620,Ariel Alana,5:08:10
1357,33619,Copa Alana,5:08:10
1359,33342,Jacob Steins,5:08:12
1360,33640,Leighann Ness,5:08:18
1361,32005,Laura Powers,5:08:25
1362,31912,Leyia King,5:08:33
1362,31631,Shannon Ortega,5:08:33
1364,33608,Chris Watson,5:08:40
1365,31821,Michael Goulart Jr,5:08:43
1366,31470,Louis Santiago,5:08:44
1367,32323,Brooke Willis,5:09:01
1368,30545,Courtney Guider,5:09:03
1368,33591,Brian Barnes,5:09:03
1370,31696,Mary Ogg,5:09:07
1371,32234,Klara Cavos-Wright,5:09:11
1372,31718,Cheryl Denton,5:09:13
1372,33220,Corey Queen,5:09:13
1374,30763,Kenneth Shimizu,5:09:29
1375,31625,Vasant Shankarling,5:09:37
1376,33705,Barbara Lee Steplock,5:09:41
1376,32684,Justin Rundles,5:09:41
1378,31830,Sander Jansen,5:09:44
1379,32778,Angela Yeend,5:09:56
1380,31815,Eric Griswold,5:09:58
1381,32128,Todd Tompkins,5:10:14
1382,32050,Diana Monnette,5:10:19
1383,30644,Kevin Xiang,5:10:22
1384,32272,Mary Cummings,5:10:28
1385,32804,Tara Bosley,5:10:32
1385,33549,Joon Sim,5:10:32
1387,32842,Trevor Pownell,5:10:37
1387,32840,Sydney Brignole,5:10:37
1389,32724,Emily Parisi,5:10:43
1390,31322,Justin Berry,5:10:46
1391,32666,Tracey Webb,5:10:52
1392,31286,Thomas Nawrocki,5:11:13
1393,31128,Justin Delk,5:11:15
1394,32500,Adam Austin,5:11:21
1395,31848,Jane Tenzer,5:11:22
1396,31472,Caroline Bertsch,5:11:27
1396,30973,Sarah Bowman,5:11:27
1398,33611,Katie Radulovacki,5:11:28
1399,33612,Branko Radulovacki,5:11:29
1400,32072,Adam Soliday,5:11:40
1401,33615,Jim Matteson,5:11:49
1402,31224,Lenard Reives,5:11:50
1403,31682,Lauren Johnston,5:11:53
1404,31537,Guillermo Garciarobles,5:11:55
1405,31788,Roni Ocampo,5:12:00
1405,31676,Gia Pinkowski,5:12:00
1407,30372,Sam Knickerbocker,5:12:02
1408,32754,Sal Herrera,5:12:04
1409,32406,Michael Janovici,5:12:20
1410,31751,Sharee Rhodes,5:12:27
1411,31818,Marion Rodriguez,5:12:28
1412,31541,Peter Rodriguez,5:12:29
1413,33561,Rebecca Dachille,5:12:31
1414,31341,Tasha Osborne,5:12:38
1415,33429,Gary Myers,5:12:39
1416,30813,Marahall Younker Ii,5:12:50
1417,31944,Rodney Langer,5:12:52
1418,31136,Benjamin Barth,5:12:55
1419,31071,Michelle Brown,5:12:58
1420,31414,Ryan Higdon,5:13:07
1421,32031,Randal Stiefel,5:13:12
1422,33635,Nathan Brewer,5:13:13
1422,33636,Jeffray Harris,5:13:13
1422,30342,Patrick Railling,5:13:13
1425,31499,Susan Avon,5:13:36
1425,32814,June Salazar,5:13:36
1427,32572,Carmine Tufano,5:13:40
1428,31340,Adam Olive,5:13:49
1429,32264,Alison Eng,5:13:51
1429,31633,Tara Pierce,5:13:51
1429,31932,Melissa Kinney,5:13:51
1432,32160,Karen Slack,5:13:52
1432,32087,Tiffany Lenington,5:13:52
1434,33624,Caroline Cunningham,5:13:59
1434,31775,Joshua Barry,5:13:59
1436,31759,Ernie Norris,5:14:00
1437,33686,James Wagner,5:14:04
1438,31750,Jennifer Witmer,5:14:08
1439,33652,Randy Woodward,5:14:11
1440,33190,Jason Gladden,5:14:19
1441,32015,Mirtha Toledo,5:14:20
1441,33191,Hillery Gladden,5:14:20
1443,32074,Arturo Polan,5:14:26
1444,32908,Nadia Baldasaro,5:14:29
1445,32060,Benjamin Bryan,5:14:43
1445,32680,Ryan Prinzing,5:14:43
1447,31887,Michael Chambers,5:14:48
1448,33326,Phillip Weinstein,5:14:57
1449,33544,Mary Beth Merzbacher,5:15:09
1449,30936,Jodie Sproul,5:15:09
1451,30833,Jeff Spahn,5:15:26
1452,32285,Amanda Cantu,5:15:38
1453,31221,Gino Scarpelli,5:15:40
1454,31009,Sharan Babu Katragadda,5:15:45
1455,31807,Daniel Connor,5:15:53
1456,31659,Julia Sanders,5:16:08
1457,31129,Charles Brannen Jr,5:16:10
1458,32185,Daniel Crowell,5:16:12
1459,31770,Rachel Dockery,5:16:28
1460,33505,Evan Root,5:16:37
1461,32295,Steve Bratsch,5:16:43
1462,32061,Nikki Ruh,5:16:49
1462,31293,Joelle Hartke,5:16:49
1464,31379,Brandon Romanowski,5:16:54
1465,33579,Joseph Hackney,5:17:01
1466,32624,Natalie Sequeira,5:17:03
1467,32241,Shelley Cox,5:17:04
1467,31877,Kate Desanto,5:17:04
1469,31458,Debra Shone,5:17:08
1470,33493,Eric Burchett,5:17:12
1471,31760,Shannon Foster,5:17:17
1472,31342,Laura Gordey,5:17:21
1473,30930,Liam Hussels,5:17:22
1473,31343,Justin Gordey,5:17:22
1475,33567,Chris Waddell,5:17:23
1476,31058,Jesse Hinnant,5:17:40
1477,31705,Jenna Sommer,5:17:41
1478,32052,Ann Sahjian,5:17:42
1479,32104,Meredith Garner,5:17:44
1480,32298,Erika Goodman,5:17:46
1481,32828,Mary Grier Illges,5:17:49
1481,33310,Natalie Vlach,5:17:49
1483,31511,Lillian Funkhouser,5:17:50
1483,33685,Tabatha Greenwood,5:17:50
1485,31328,Atlee Campbell,5:17:52
1486,32231,Jen Novobilski,5:17:58
1487,33603,Michael Douglas,5:18:00
1488,31573,Ryan Mccord,5:18:01
1489,33621,Irene Manalili,5:18:05
1490,33181,Rachel Rimmerman,5:18:27
1491,32912,Gary Warner,5:18:51
1491,31016,Lora Thomerson,5:18:51
1491,31800,Tim Gaffney,5:18:51
1491,31824,Deena Karnowski,5:18:51
1495,531,Bernard Pickney,5:18:53
1496,31074,Tonna Fredrick,5:18:57
1497,31716,Joe Fitzpatrick,5:19:09
1498,32142,Katie Shubra,5:19:13
1499,31960,Brooks Woloshyn,5:19:16
1500,32776,Alexis Kadey,5:19:21
1501,31171,Ryan Wehner,5:19:26
1502,32726,Daniel Diffenderfer,5:19:30
1503,32852,Elizabeth Kurowski,5:19:33
1504,33444,Annie Berry,5:19:34
1504,31965,Sharon Ruiz,5:19:34
1506,31546,Nick Schlabach,5:19:48
1507,32279,Dustin Austin,5:19:52
1508,33068,Valerie Hyatt,5:19:53
1509,33534,Cody Garrow,5:20:03
1510,32095,Sherrie Keipp,5:20:04
1511,31314,Kevin Madderra,5:20:05
1512,31481,Kristen Peregrini,5:20:10
1513,32301,Kristen Norem,5:20:17
1514,32203,Jenna Gould,5:20:28
1515,33702,Partridge Tamara,5:20:31
1516,33391,Rachel Kennedy,5:20:32
1517,31925,Eric Mann,5:20:35
1518,32290,Yongjun Zhai,5:20:36
1519,32058,Mitchell Hartley,5:20:43
1520,31519,Shaun Goulbourne,5:20:47
1521,31679,David Walters,5:20:48
1522,31804,Teresa Algreen,5:20:51
1523,31627,Justin Poe,5:20:52
1524,31137,Caedran Barth,5:20:53
1524,31134,William Barth,5:20:53
1526,32153,Kevin Cecotti,5:20:55
1527,31964,Laura Nieto,5:20:58
1528,33212,Fumiaki Nozoe,5:21:00
1529,31994,Josh Gates,5:21:01
1530,31361,Jae Maeng,5:21:03
1531,31995,Trevor Erickson,5:21:06
1532,33265,Cynthia Allen,5:21:11
1532,32392,Michael Douglas,5:21:11
1534,31863,Andrew Holladay,5:21:13
1535,33222,Nicole Moss,5:21:17
1536,33309,Lauryn Hardy,5:21:19
1537,33356,Ramsey Jarun,5:21:22
1538,33647,Tom Korth,5:21:40
1539,31474,Bounsavath Sivilay,5:21:42
1540,32818,Katherine Bunting,5:21:44
1541,32049,Angela Brunson,5:21:48
1541,33076,Erich Heinlein,5:21:48
1541,33262,Lacy Ritter,5:21:48
1541,32075,Bonnie Sauls,5:21:48
1545,33192,Micaela Stutzki,5:21:49
1546,31094,Haileigh Duplantis,5:21:50
1547,31881,Barry Smith,5:21:55
1547,32910,Amy Bossler,5:21:55
1549,31847,Stephen Jones,5:21:57
1549,31506,Liz Oxenham,5:21:57
1551,33293,Jessica Peltier,5:22:00
1552,31505,Ivar Gaizauskas,5:22:04
1552,31868,Rob Hyndman,5:22:04
1552,31629,Ema Victorio,5:22:04
1555,33628,Ashley Quintanilla,5:22:19
1556,31046,Jennifer Bluske,5:22:22
1556,31045,Darren Fortney,5:22:22
1558,33120,Takahiro Mori,5:22:29
1559,32534,K Yvette Jimenez,5:22:34
1560,31100,Autumn Davis,5:22:49
1560,31479,Paige Bray,5:22:49
1560,30916,Voncha Reddy,5:22:49
1560,32662,Lindsey Mcguire,5:22:49
1564,31097,Shannon Dusza,5:22:50
1565,31599,Matthew Mast,5:23:09
1566,32800,Kayla Murtaugh,5:23:16
1566,33596,Ashley Konstant,5:23:16
1568,32251,Miriam Corona,5:23:20
1569,32492,David Ekenmo,5:23:21
1570,32131,Katie Pascuzzi,5:23:25
1570,33170,Katelyn O'Brien,5:23:25
1572,30442,Christiana Beveridge,5:23:32
1572,33358,Jacqueline White,5:23:32
1574,32141,Michael Olewine,5:23:36
1575,31579,David Puterbaugh,5:23:39
1576,32248,Morgan Bentley,5:23:47
1577,32024,Jessica Hamel,5:23:48
1578,33275,Leanna Sanders,5:23:53
1578,30313,Ryan Dunn,5:23:53
1580,31773,Sara Oliver,5:24:02
1581,32037,Emily Caroline,5:24:04
1581,32036,Emma Morris,5:24:04
1583,33594,Matthew White,5:24:13
1584,31645,Bill Law,5:24:17
1585,32556,Erica Blohm,5:24:22
1586,31635,Pamela Jansen,5:24:27
1587,33240,Austin Balding,5:24:31
1588,32282,Darin Sholar,5:24:42
1589,32404,Guizhu Benbow,5:24:46
1590,32552,Annie Culver,5:24:47
1591,33554,James Casey,5:24:48
1592,31808,Dan Gallagher,5:24:59
1593,31099,Chris Hendershot,5:25:02
1594,32972,Christine Kenney,5:25:03
1595,31953,Ryan Mcmanus,5:25:12
1596,31486,Niven Crenshaw,5:25:18
1597,31622,David Davis,5:25:21
1598,31674,Paige Holmes,5:25:28
1599,31803,Alyssa Snow,5:25:31
1599,33096,Beth Knapp,5:25:31
1601,31768,Kendra Burbach,5:25:38
1602,33422,Betsy Cohen,5:25:45
1603,33445,Kenneth Whaley,5:26:03
1604,30988,Kaitlyn Wiener,5:26:04
1605,32269,Jordan Hill,5:26:08
1606,32846,Lauren Schick,5:26:18
1607,33014,Nicole Rosa,5:26:31
1608,32040,Gabriela Ponce,5:26:37
1608,31749,Jose Garcia,5:26:37
1610,32080,Deanna Steele,5:26:38
1611,31958,Courtney Strickland,5:26:46
1611,31957,Joel Strickland,5:26:46
1611,30510,Klaus Geyer,5:26:46
1614,31377,Jack Frod,5:26:47
1615,33682,Mark Ford,5:26:51
1615,31375,Miki Ford,5:26:51
1617,32270,Megan Cunningham,5:26:55
1618,32259,Julio Torres,5:26:56
1619,31892,Adrienne Trigg,5:27:01
1620,33183,Kari Thompson,5:27:05
1620,30269,Amanda Staggs,5:27:05
1620,30272,Sandy Staggs,5:27:05
1623,32316,Jeri Rae Kendrick,5:27:06
1624,33026,Kristine Nowak,5:27:13
1625,31226,Jacob Snyder,5:27:20
1626,31638,Brett Bellinger,5:27:22
1627,32257,Sami Marcu,5:27:25
1627,33203,Phillip Ticer,5:27:25
1629,31392,Mia Esworthy,5:27:27
1630,31902,William Branch,5:27:33
1631,30311,Kevin Fox,5:27:59
1631,33683,Trey Fox,5:27:59
1633,32408,Beth Sedberry,5:28:02
1634,32730,Crystal Mullins,5:28:08
1635,32115,Genaro Rojas,5:28:12
1636,32221,Pam Tebbetts,5:28:23
1637,32292,Tony Thomas,5:28:27
1638,32854,Shirley Furgiuele,5:28:37
1639,32116,Elkin Mesa,5:28:41
1639,32108,Laura Estrada,5:28:41
1641,31146,Dexter Bateman,5:28:47
1641,31145,Mary Grace Bateman,5:28:47
1643,31576,Aline Oceguera,5:28:58
1643,31337,Justin Vantreese,5:28:58
1645,31641,Timothy Hoffman,5:28:59
1646,31231,Borran Pea,5:29:04
1647,33609,Spencer Moore,5:29:05
1648,32227,Kayla Loflin,5:29:07
1649,32305,Ryan Sandefur,5:29:28
1649,32304,Lindsey Sandefur,5:29:28
1651,31686,Tyler Chapman,5:29:33
1652,30595,Danielle Magiera,5:29:39
1653,30883,Shawn Schmuki,5:29:40
1653,31393,Kira Lee,5:29:40
1655,33082,Samantha Leonard,5:29:52
1655,31288,Daniel Stroud,5:29:52
1657,32826,Jessica White,5:29:53
1658,33070,William Hyatt,5:30:01
1659,32930,Michael Panasuk,5:30:03
1660,32660,Leanna Delhey,5:30:09
1660,32154,Kevin Kent,5:30:09
1662,32598,Daniel Hsu,5:30:13
1663,33332,Michelle Kanney,5:30:14
1664,33578,Arsenio Franklin,5:30:15
1665,33126,Laura Daniel,5:30:19
1666,33088,Amy Coble,5:30:20
1667,31780,Kate Bangert,5:30:28
1668,33224,Shelbie Claycomb,5:30:30
1669,31480,Lee Ekkart,5:30:33
1670,32299,Laura Schlabach,5:30:55
1671,30082,Adams Stein,5:31:03
1672,32331,Michael Sosa,5:31:10
1672,30848,Jon Cobb,5:31:10
1674,32327,Kelsey Jo Walakovits,5:31:12
1675,32762,Lindsey Frodge,5:31:13
1676,33252,Melanie Corbin,5:31:14
1677,31827,George Mattas,5:31:15
1678,32862,Tony Presta,5:31:16
1679,33680,Udo Freyhofer,5:31:17
1680,32230,Tony Amburgy,5:31:24
1681,33225,Shelby Gray,5:31:30
1682,32302,Stephanie Vendl,5:31:31
1683,32312,Larissa Caldwell,5:31:33
1684,33195,Michael Roberts,5:31:34
1685,32071,Caywood Vanstratum,5:31:36
1686,32774,Mark Simmons,5:31:38
1687,33341,Jb Ashburn,5:31:39
1687,32013,Laurel Kincaid,5:31:39
1689,32884,Brandon Fortson,5:31:40
1690,32590,Brandon Ocampo,5:31:45
1691,33516,Greg Brown,5:31:48
1691,32622,Matthew Brennan,5:31:48
1691,31332,Brandon Ernstes,5:31:48
1694,31889,Ben Bright,5:31:52
1695,32067,John Ugorji,5:32:00
1696,32696,Aneeqa Thiele,5:32:03
1697,30352,Takehiro Sasagawa,5:32:10
1698,32063,Sam Mann,5:32:14
1698,31983,Shannon Fanucchi,5:32:14
1700,31813,Kassidy Yeager,5:32:25
1700,31812,Ashley Newcomb,5:32:25
1702,33430,Bonnie Woloschuk,5:32:30
1703,32038,Kimberly Venvertloh,5:32:33
1704,31586,Brian Fahey,5:32:34
1705,33307,Angela Mcleod,5:32:37
1706,33303,Robert Piggott,5:32:38
1707,33327,Morgan Cornacchini,5:32:39
1708,31662,Anna Hopkins,5:32:40
1708,31663,Fletcher Hopkins,5:32:40
1710,33219,Misty Lippard,5:32:42
1711,33236,Joseph Montgomery,5:32:47
1712,32042,Kevin Gallagher,5:32:54
1713,31766,Gabriel Garrido,5:33:09
1714,32029,Michael Cline,5:33:28
1715,33625,Beth House,5:33:33
1716,33371,Lisa Bentley,5:33:36
1717,30713,Joe Tennant,5:33:43
1718,32055,Natalie Johnson,5:33:50
1719,32864,Carley Sarno,5:33:54
1720,33020,Cynthia Mitchell,5:34:05
1721,32802,Nolan Goebel,5:34:06
1722,31194,Corey Neal,5:34:11
1723,32236,Jon Teague,5:34:20
1724,32194,Brooke Demarco,5:34:28
1724,32195,Jake Files,5:34:28
1726,33243,Ashley Noffsinger,5:34:36
1727,527,Justin Milam,5:34:37
1728,31757,Justine Rourk,5:34:40
1729,31574,Paloma Lepley,5:34:44
1729,32177,Kirsty Walker,5:34:44
1731,32638,Lynsey Rank,5:34:56
1732,33551,Doug Norfleet,5:34:58
1733,32690,Ronald Ruiz,5:34:59
1734,32309,Nicole Heck,5:35:05
1735,32094,Drew Chandler,5:35:10
1736,33282,Regan Cooper,5:35:14
1737,32928,Stephanie Anasi,5:35:16
1738,32528,Pj Boyle,5:35:28
1739,32618,Chelsie Krafka,5:35:38
1740,32324,Angela Adams,5:35:40
1741,32592,Michele Glose,5:35:46
1741,33158,David Uminski,5:35:46
1741,32155,Michele Hart,5:35:46
1744,33142,William Davis,5:35:50
1745,33080,Carolyn Vought,5:35:57
1746,32524,Kenneth Fiorilli,5:36:03
1747,31527,Kristen Beaudin,5:36:04
1748,32189,Jennifer Veazey,5:36:11
1749,32462,Caroline Lavenir,5:36:22
1750,32460,Kathryn Hall,5:36:23
1751,33094,Amy Birtman,5:36:24
1752,33655,Gina Hamrang,5:36:29
1753,33668,Brandon Eaves,5:36:34
1754,33092,Tiffany Skinner,5:36:38
1755,33346,Mary Miller,5:36:40
1756,32710,Sara Fosbenner,5:36:45
1757,31540,Armando Malvone,5:36:57
1758,32738,Tatiana Donaldson,5:37:02
1759,32616,Kaitlyn Friedman,5:37:06
1760,33704,Jessica Averbch,5:37:11
1761,31963,Ryan Mathewson,5:37:16
1762,33002,Chell Knox,5:37:33
1763,32303,Daniel Jones,5:37:34
1764,31998,Kip England,5:37:36
1765,33585,K'Leetha Gilbert,5:37:44
1766,32297,Robert Furman,5:37:46
1767,31927,Sarah Hedstrom,5:37:57
1768,33058,Genelle Viars,5:38:00
1769,30868,Belinda Coakley,5:38:03
1770,30292,Onnie Davis,5:38:17
1771,31290,Jason Lee,5:38:29
1772,32434,Claire Cochell,5:38:41
1773,33670,David Kirkbride,5:38:45
1773,31846,Troy Bedik,5:38:45
1775,32506,Iris Powdrill,5:39:00
1776,32329,Kimberley Overturf,5:39:09
1777,31355,Nathan Mcgee,5:39:19
1778,32073,Brandon Theriault,5:39:39
1779,31471,Christie Hutchison,5:39:49
1780,33569,William Beau Butler,5:39:51
1781,33537,Alonso Munoz,5:39:56
1782,32632,Blake Henry,5:40:07
1783,33372,Susan Jones,5:40:09
1784,33128,Katsuya Ogawa,5:40:11
1785,33179,Todd Beel,5:40:15
1786,33180,Stephanie Haase,5:40:16
1787,32848,Ellie Bennett,5:40:21
1788,31721,Diane Bolton,5:40:26
1789,30166,Joel Aguero,5:40:37
1790,32584,Sarah Barker,5:40:43
1791,31366,Lucas Geier,5:40:44
1792,32464,Misa Sugui,5:40:50
1793,31068,Jason Raisner,5:41:07
1793,31067,Jon Deaner,5:41:07
1795,31694,Michael Sonnenberg,5:41:08
1795,32764,Joe Sonnenberg,5:41:08
1797,32296,Brandi Tooley,5:41:11
1798,32181,Katie Johnson,5:41:24
1799,31748,Brad Schreiner,5:41:25
1800,32001,Bryce Hagenow,5:41:28
1800,32000,Allison Vaske,5:41:28
1802,33060,Reuben Luzano,5:41:34
1803,33710,Paul Kelly,5:41:47
1803,33711,Michelle Young,5:41:47
1805,33199,Candy Cook,5:41:49
1806,32378,Kaily Nakhoneinh,5:41:51
1807,30981,Amy Anderson,5:41:52
1808,33419,Matthew Sentilles,5:42:00
1809,32136,Makenzie Larson,5:42:04
1810,30853,Bob Coffey,5:42:08
1811,33361,Michelle Depa,5:42:16
1812,33360,Beth Berg,5:42:17
1813,33206,Melissa Benedict,5:42:19
1813,33207,Tim Benedict,5:42:19
1815,31117,Priscilda Davis,5:42:25
1816,31118,Sandra Anderson,5:42:26
1816,31116,Amy Coor,5:42:26
1818,33595,Jeffrey Devore,5:42:28
1819,32810,Meagan Moore,5:42:32
1820,33012,Dawn Striker-Roberts,5:42:37
1821,31951,Candice Smith,5:42:40
1822,31981,Samantha O'Connor,5:43:08
1823,32576,Katherine Liles,5:43:19
1823,32574,Lauren Hoover,5:43:19
1823,31667,Erin Carter,5:43:19
1826,31972,Wesley Norton,5:43:20
1826,31973,Zhainagul Dzhumataeva,5:43:20
1828,31974,Makayla Norton,5:43:21
1829,31879,Rebecca Allen,5:43:34
1830,32608,Dyana Rasinski,5:43:59
1830,33271,Heather Mcallister,5:43:59
1832,31024,Kyle Meeks,5:44:00
1833,33281,Shelia Wright,5:44:10
1834,32628,Lindsay Castelli,5:44:20
1834,31257,Sara Mckinley,5:44:20
1836,31642,Brian Jansen,5:44:25
1837,33519,Jack Crist,5:44:31
1838,32224,Robert Nidiffer,5:44:33
1839,31984,Rachel Shaw,5:44:41
1840,32199,Kathryn Osborn,5:44:44
1841,33258,Anne Marie Shelley,5:44:51
1841,32634,Emelia Pitlick,5:44:51
1843,33631,Andy Johns,5:44:53
1844,33273,Arundati Ramesh,5:45:16
1845,33166,Tiffany Eschak,5:45:23
1846,31395,Kurt Herron,5:45:29
1847,30941,Michael Williams,5:45:35
1847,30942,Elizabeth Williams,5:45:35
1849,32954,Maria Rojas,5:46:00
1850,32315,Sarah Purgett,5:46:02
1851,32198,Kimberly Rhodes,5:46:20
1852,33276,Sandra Miranda,5:46:22
1853,32207,Bridget Lacey,5:46:25
1854,32197,Chester Paoletti,5:46:26
1855,33322,Priscilla Richardson,5:47:22
1856,31891,James Ash,5:47:23
1857,31309,Mitchell Ginsburg,5:47:33
1858,30631,Christopher Brock,5:47:46
1859,31468,Michelle Nimmo,5:48:09
1860,33617,Randall Hodge,5:48:33
1861,32057,Anja Izban,5:48:43
1862,32472,Teresa Olivier,5:48:54
1862,32470,Sharon Dagostino,5:48:54
1864,32952,Erica Waters,5:49:06
1865,32382,Rebecca Slone,5:49:07
1866,32350,Shelley Cloutier,5:49:42
1867,32932,Richard Combes,5:49:44
1868,33700,Ronnie Wilson,5:49:50
1869,32380,Kelly Weber,5:49:52
1870,33028,Anne Truitt,5:50:13
1871,33169,Courtney Hendricks,5:50:28
1872,33050,Susan Drake,5:50:34
1872,32544,Hannah Duke,5:50:34
1874,33382,Angela Dunn,5:50:36
1875,33279,Dan Mummert,5:50:54
1876,32698,Olga Salinas,5:50:58
1877,31897,Penny Smith,5:51:10
1877,32644,Michelle Hatton,5:51:10
1879,32476,Melanie Curtis,5:51:11
1879,33193,Candy Voss,5:51:11
1881,33052,Ann Walley,5:51:12
1882,33238,Aimee Hilber,5:51:14
1882,33605,Kristen Kimmel,5:51:14
1882,33237,Ryan Donnelly,5:51:14
1882,32902,Peter Mullvain,5:51:14
1886,33377,Jason Rapoport,5:51:16
1887,31805,Penny Frey,5:51:23
1888,33287,Anjoli Rashid,5:51:27
1889,32982,Raelyn Johnson,5:51:36
1889,33660,Anthony Holt,5:51:36
1891,31835,Lori Boyd,5:51:38
1892,32498,Steve Jones,5:51:55
1893,31771,Jennifer Sell,5:52:01
1894,32986,Alyssa Eashoo,5:52:02
1895,33328,Michael Warren,5:52:20
1895,33176,Lee Hofweber,5:52:20
1897,32974,Kristi Wieland,5:52:36
1897,32692,Tracy Lindstrom,5:52:36
1899,32604,Melanie Gould,5:52:37
1900,33304,Paul Winterford,5:52:44
1901,33253,Elizabeth Kostrub,5:52:48
1902,32652,Hector Solis,5:52:50
1903,30539,Jason Simmons,5:53:18
1904,32070,Katrin Bates,5:53:34
1905,32150,Kaitlynn Washingtion,5:53:42
1905,33466,Peyton Gray,5:53:42
1905,33630,Cole Christopher,5:53:42
1908,33616,Brooke Osborne,5:54:21
1908,32870,Sarah Bordelon,5:54:21
1910,33539,Roy Cameron Jr,5:54:26
1911,30422,Hunter Burney,5:54:35
1911,32442,Kristen Burney,5:54:35
1913,33305,Claire Winterford,5:54:51
1914,30871,Jeff Murphree,5:54:57
1915,33090,Allison Thrower,5:55:33
1916,33618,Eddie Godwin,5:55:48
1917,31653,Michael Haarlander,5:56:03
1918,32834,Astrid Escobar,5:56:05
1919,32452,Rakesh Singh,5:56:27
1920,33427,Ashley Bautista,5:56:28
1921,30970,James Carlson,5:56:31
1921,32582,Olivia Hoppen,5:56:31
1923,33054,Bobbi Aschwanden,5:56:53
1923,32364,Ariel Alonzo,5:56:53
1925,33369,Brittney Miller,5:56:59
1925,33370,Ryan Miller,5:56:59
1927,32151,Catherine Moerman,5:57:01
1928,32256,Evan Castellano,5:57:09
1929,33386,Kat Dunham,5:57:10
1930,32732,Daniel Pope,5:57:18
1931,32700,Tsubasa Agarie,5:57:40
1932,530,Dean Bowden,5:57:43
1933,32291,Larry Nolen,5:57:47
1934,30384,Raegen Martin,5:58:02
1935,33144,Nestor Ilagan,5:58:15
1936,33632,Melissa Teneyuque,5:58:21
1937,523,Ken Ashby,5:58:25
1938,31919,Eddie Kimpel,5:58:43
1939,33650,Konstantin Yepifantsev,5:58:52
1940,32844,Meghann Farley,5:58:55
1941,33559,Cynthia Aune,5:58:56
1942,31707,Laura Terry,5:59:00
1943,32742,Jessica Thrower,5:59:11
1944,31043,Sherry Ricker,5:59:13
1945,33205,Alicia Hartman,5:59:17
1946,31666,Jason Mccullough,5:59:30
1947,31729,Venu Alokam,5:59:38
1948,31884,Amber Jacobs,6:00:00
1949,31381,Rebekah Clifford,6:00:10
1950,33667,Richard Brooks,6:00:39
1951,32832,Candace Wohn,6:00:57
1952,33223,Amy Cengeri,6:01:02
1953,33300,Ashley Kelley,6:01:03
1954,539,Richard Brooks,6:01:08
1955,33283,Tristen Reis,6:01:09
1956,32648,Barbara Pepin,6:01:11
1957,33424,Sandra Guida,6:01:13
1958,33718,Dean Stambelu,6:01:28
1959,32942,Erin Mclauchlin,6:01:40
1960,33218,Alina Young,6:01:41
1961,33086,Caitlin Babin,6:01:42
1962,31115,Stephanie Grapentin,6:02:20
1963,30949,Morgan Bensman,6:02:26
1964,32118,Timothy New,6:02:29
1965,33401,Brian Schick,6:03:03
1966,32218,Lorie Wood,6:03:26
1966,31261,Darah Owens,6:03:26
1968,33607,Roy Singley,6:03:35
1969,32062,Cortlynn Mitchell,6:04:01
1970,33366,Samantha Kuner,6:04:09
1971,33261,Jessica Alexander,6:04:10
1971,33708,Jazmin Pluas,6:04:10
1973,33242,Renae Brown,6:04:11
1974,33134,Kim Heagy,6:04:26
1975,31569,James Rahn,6:04:28
1976,33368,Stacey Campfield,6:04:38
1977,33267,James Orr,6:04:47
1978,31028,Megan Svetkovich,6:04:48
1979,33174,George Svetkovich,6:04:49
1980,33675,Jessica Campos-Ruiz,6:04:58
1981,33672,Marie Flores,6:05:01
1981,33671,Betty Trueba,6:05:01
1983,32866,Kelsey Wezel,6:05:52
1984,33434,Justin Lynch,6:06:10
1985,33277,Kathleen Gant,6:06:16
1986,33629,Gordon Carlisle,6:06:19
1987,33022,Ryan Mitchell,6:06:29
1988,33426,Trish Keleher,6:06:30
1989,33306,Darin Mccloud,6:06:38
1990,32694,Shannon Wood,6:06:54
1990,33633,Katherine Tierney-Smith,6:06:54
1992,32530,David Owens,6:07:44
1993,33433,Leah Sayre,6:08:09
1993,31731,Towhid Alam,6:08:09
1995,33383,Emily Simmons,6:08:15
1996,32602,Bailey Hendrickson,6:08:20
1997,33384,Taylor Leatherwood,6:08:21
1998,32138,Sarah Skonicki,6:08:26
1999,33598,Erica Heskamp,6:08:56
2000,33184,Shari Zimmerman,6:08:57
2000,33597,Kelly Steinmann,6:08:57
2000,32318,Suzanne Buntrock,6:08:57
2003,32890,Cindy Howard,6:09:04
2004,33217,Rachel Bottomley,6:09:08
2005,33201,Jen Cole,6:09:12
2006,31978,Erin Lusk,6:09:14
2007,32934,Alessandra D'Ambrosia-Furman,6:09:20
2007,31829,Jessica Perry,6:09:20
2009,33209,Jennifer Whittle,6:09:27
2009,33610,Seth Hatfield,6:09:27
2011,32874,Matthew Latawiec,6:09:29
2011,32872,Stephanie Latawiec,6:09:29
2013,33198,Roberta Henry,6:09:47
2014,31023,Shelby Hall,6:09:51
2015,32704,Tyler Farley,6:10:02
2016,32876,Courtney Devries,6:10:27
2017,33173,Becca Dernberger,6:11:11
2018,32480,Susan Marshall,6:11:24
2019,30085,Nathanael Lilly,6:11:26
2020,32578,Allison Seguin,6:11:33
2020,33410,Catherine Seguin,6:11:33
2022,33308,Tiffany Allgeier,6:11:48
2023,33400,Howard Robison,6:11:51
2024,33098,Gregoria Williams,6:12:10
2025,33357,Shandy Farin,6:12:18
2026,33292,Shannon Kjear,6:12:24
2027,33614,Cleveland Allen,6:12:25
2028,33187,David Dearmon,6:12:34
2029,33235,Brian Shaw,6:12:35
2030,33234,Maria Crompton,6:12:37
2031,32325,Gayle Martin,6:13:04
2032,33601,Jennifer Clark,6:13:05
2033,33518,Samuel Collins,6:13:19
2034,33367,Billy Huggins,6:13:39
2035,33506,Tony Myers,6:13:57
2035,30820,Todd Foster,6:13:57
2037,33665,Maria Shircel,6:14:30
2038,31993,Baithao Samphao,6:14:43
2039,32119,Darrell Sheffield,6:14:45
2040,33078,Diane Street,6:15:01
2041,31738,Joanne Ring,6:15:08
2042,33381,Ryan Mcnally,6:15:12
2043,33248,Amie Guinn,6:15:16
2044,33008,Janet Yee,6:15:18
2045,31529,Misty Jones,6:15:27
2046,32287,Katherine Mccrea,6:15:31
2047,32650,Carlito Agner,6:15:35
2048,32646,Kenneth Forrest,6:15:36
2049,33249,Sarah Anglin,6:15:55
2050,32494,Deanne Whittle,6:16:27
2051,30542,Deanna Alexander,6:16:31
2052,33056,Hanah Pender,6:16:38
2053,33230,Adrienne Mcbroon,6:16:51
2054,33286,Tricia Timney,6:16:52
2055,32458,Cynthia Berndt,6:17:01
2056,33263,Michelle Sumption,6:17:04
2057,33330,Jana Stidham,6:17:21
2058,33311,Jennifer Kraus,6:17:37
2059,33074,Olga Felton,6:17:39
2060,33627,Sarah Cates,6:18:01
2061,33626,Jennifer Reed,6:18:02
2062,33185,Mary Perrecone,6:18:15
2063,32526,Daniel Albert,6:18:17
2064,33239,Audrey Reville,6:18:50
2065,32830,Georgia Bracken,6:18:55
2066,32920,Cassandra Branch,6:19:04
2067,31693,Linda Wieloch,6:19:15
2068,32289,Valerie Hardison,6:19:22
2069,31916,Mark Bevilacqua,6:19:23
2070,31161,Derek Conine,6:19:26
2071,33323,Lucy Hernandez,6:19:35
2072,33606,Helen Reagan,6:19:50
2073,32032,Jason B. Wright,6:20:31
2074,32550,Erica Marlowe Williamson,6:20:32
2075,31369,Cami Earnest,6:20:36
2076,33291,Andy Lan,6:21:01
2077,31755,Vincent Berry,6:21:23
2078,30947,Melanie Nekola,6:21:24
2079,33397,Jim Burgos,6:21:26
2080,33396,Rhonda Burgos,6:21:35
2081,32806,Andrew Harris,6:22:11
2082,31785,Cassandra Punjack,6:22:54
2083,33241,Courtney Wells,6:22:59
2084,33390,Amy Brooks,6:24:19
2085,33364,Terry Davis,6:25:02
2086,33299,Donna Paris,6:26:04
2087,31712,Melissa Sears,6:26:24
2088,31386,Thomas Friar,6:26:37
2089,33232,Marcus Kasel,6:27:24
2090,32210,Shawn Douthit,6:27:27
2091,33333,Chris Bloch,6:27:29
2092,32916,Jeff Riddle,6:28:06
2093,31711,Rick Sears,6:30:13
2094,33634,Dwight Williams,6:30:28
2095,31703,Kelsey Mark,6:31:10
2096,33048,John Points,6:31:28
2097,31594,Brett Dunlap,6:32:57
2098,33211,Meghann Richardson,6:33:08
2099,536,Patti Mortland,6:34:24
2100,33423,Yvette Leonard,6:34:41
2101,33717,Dallas Heyden,6:37:34
2102,32440,Marlin Hardin,6:39:04
2103,535,Jane Tao,6:49:26
2104,529,Mike Emerick,6:51:23
2105,60042,Contact Sportstats,6:51:55
2106,33359,Theresa Khayyam,6:51:56
2107,30018,Harold Martin,6:54:09
99999,33530,Brandon Wynsma,0:00:00
99999,32166,Janna Chew,0:00:00
99999,31683,Aubrey Spaeth,0:00:00
99999,33654,Jeff Ekkart,0:00:00
99999,31170,Austin Perkins,0:00:00
99999,30482,David Ramos,0:00:00
99999,33461,Emily Eagerton,0:00:00
99999,31515,Tony Quernemoen,0:00:00
